index,building_id,address,country,metro_area,slug,exchanges,geometry,index_right,LGA_CODE25,LGA_NAME25,STE_CODE21,STE_NAME21,AUS_CODE21,AUS_NAME21,AREASQKM
6,20330,"['1 Martin Place' 'Canning Vale' 'Perth, WA, Australia']",australia,perth-wa,1-martin-place,"[ { ""url"": ""https:\/\/www.megaport.com\/solutions\/mega-ix\/"", ""address"": [ ""MegaIX Perth (Perth, WA, Australia)"", ""1 Martin Place"", ""Canning Vale"", ""Perth, Australia, 6155"" ], ""slug"": ""megaix-perth-perth-wa-australia"", ""telephone"": ""61 730 885 933"", ""email"": ""sales@megaport.com"" } ]",POINT (-1501509.0471153776 -3588648.0195149872),384,51330,Canning,5,Western Australia,AUS,Australia,64.8791
14,16888,"['1 William Street' 'Perth, WA, Australia']",australia,perth-wa,1-william-street,"[ { ""url"": ""https:\/\/www.ix.asn.au\/peering\/"", ""members_url"": ""https:\/\/www.waia.asn.au\/ix\/participants"", ""euro_affiliation"": ""non-affiliated"", ""euro_ix_id"": 108, ""address"": [ ""WA-IX (Perth, WA, Australia)"", ""1 William Street"", ""Perth, Australia, 6000"" ], ""slug"": ""wa-ix-perth-wa-australia"", ""telephone"": ""61 8 9322 3022"", ""email"": ""peering@ix.asn.au"", ""date_online"": ""1997"" }, { ""url"": ""https:\/\/www.megaport.com\/solutions\/mega-ix\/"", ""address"": [ ""MegaIX Perth (Perth, WA, Australia)"", ""1 William Street"", ""Perth, Australia, 6000"" ], ""slug"": ""megaix-perth-perth-wa-australia"", ""telephone"": ""61 730 885 933"", ""email"": ""sales@megaport.com"" }, { ""url"": ""https:\/\/www.edgeix.net\/"", ""address"": [ ""EdgeIX Perth (Perth, WA, Australia)"", ""1 William Street"", ""Perth, Australia, 6000"" ], ""slug"": ""edgeix-perth-perth-wa-australia"", ""telephone"": ""61 2 9006 9626"", ""email"": ""peering@edgeix.net"" } ]",POINT (-1508562.751456062 -3577794.4549259027),467,57080,Perth,5,Western Australia,AUS,Australia,13.7335
17,19065,"['1-23 Templar Road' 'Sydney, NSW, Australia']",australia,sydney-nsw,1-23-templar-road,"[ { ""url"": ""https:\/\/www.megaport.com\/solutions\/mega-ix\/"", ""address"": [ ""MegaIX Sydney (Sydney, NSW, Australia)"", ""1-23 Templar Road"", ""Sydney, Australia"" ], ""slug"": ""megaix-sydney-sydney-nsw-australia"", ""telephone"": ""61 730 885 933"", ""email"": ""sales@megaport.com"" } ]",POINT (1724006.0498211554 -3817283.351794282),91,16350,Penrith,1,New South Wales,AUS,Australia,404.7021
25,16743,"['100 Ipswich Road' 'Woolloongabba, QLD, Australia']",australia,brisbane-qld,100-ipswich-road,"[ { ""url"": ""https:\/\/www.megaport.com\/solutions\/mega-ix\/"", ""address"": [ ""MegaIX Brisbane (Brisbane, QLD, Australia)"", ""100 Ipswich Road"", ""Woolloongabba, Australia, 4102"" ], ""slug"": ""megaix-brisbane-brisbane-qld-australia"", ""telephone"": ""61 730 885 933"", ""email"": ""sales@megaport.com"" } ]",POINT (2043802.8818282743 -3150575.840513073),220,31000,Brisbane,3,Queensland,AUS,Australia,1342.7173
29,18556,"['100 Wickham Street' 'QL 4006 Fortitude Valley'
 'Fortitude Valley, QLD, Australia']",australia,brisbane-qld,100-wickham-street,"[ { ""url"": ""https:\/\/www.pipenetworks.com\/pipeix-locations.php#qld"", ""members_url"": ""http:\/\/www.pipenetworks.com\/Peering\/who-text.shtml#"", ""euro_affiliation"": ""non-affiliated"", ""euro_ix_id"": 325, ""address"": [ ""PipeIX Brisbane (Brisbane, QLD, Australia)"", ""100 Wickham Street"", ""QL 4006 Fortitude Valley"", ""Fortitude Valley, Australia"" ], ""slug"": ""pipeix-brisbane-brisbane-qld-australia"", ""telephone"": ""+61 7 3233 9800"", ""email"": ""sales@pipenetworks.com"" } ]",POINT (2044166.4589257385 -3147022.6562403482),220,31000,Brisbane,3,Queensland,AUS,Australia,1342.7173
43,18884,"['11 Mary Mackenroth Lane' 'Springfield, QLD, Australia']",australia,brisbane-qld,11-mary-mackenroth-lane,"[ { ""url"": ""https:\/\/www.megaport.com\/solutions\/mega-ix\/"", ""address"": [ ""MegaIX Brisbane (Brisbane, QLD, Australia)"", ""11 Mary Mackenroth Lane"", ""Springfield, Australia, 4300"" ], ""slug"": ""megaix-brisbane-brisbane-qld-australia"", ""telephone"": ""61 730 885 933"", ""email"": ""sales@megaport.com"" } ]",POINT (2027354.624680897 -3169517.49251095),246,33960,Ipswich,3,Queensland,AUS,Australia,1093.8562
44,23276,"['11 Newcastle Street' 'Perth, WA, Australia']",australia,perth-wa,11-newcastle-street,"[ { ""url"": ""https:\/\/www.edgeix.net\/"", ""address"": [ ""EdgeIX Perth (Perth, WA, Australia)"", ""11 Newcastle Street"", ""Perth, Australia, 6000"" ], ""slug"": ""edgeix-perth-perth-wa-australia"", ""telephone"": ""61 2 9006 9626"", ""email"": ""peering@edgeix.net"" } ]",POINT (-1507492.2880993597 -3577016.4541904912),467,57080,Perth,5,Western Australia,AUS,Australia,13.7335
83,15113,"['127 Creek Street' 'Brisbane, QLD, Australia']",australia,brisbane-qld,127-creek-street,"[ { ""url"": ""https:\/\/www.pipenetworks.com\/pipeix-locations.php#qld"", ""members_url"": ""http:\/\/www.pipenetworks.com\/Peering\/who-text.shtml#"", ""euro_affiliation"": ""non-affiliated"", ""euro_ix_id"": 325, ""address"": [ ""PipeIX Brisbane (Brisbane, QLD, Australia)"", ""127 Creek Street"", ""Brisbane, Australia, 4000"" ], ""slug"": ""pipeix-brisbane-brisbane-qld-australia"", ""telephone"": ""+61 7 3233 9800"", ""email"": ""sales@pipenetworks.com"" }, { ""url"": ""https:\/\/www.ix.asn.au\/peering\/"", ""members_url"": ""https:\/\/www.waia.asn.au\/ix\/participants"", ""address"": [ ""QLD-IX (Brisbane, QLD, Australia)"", ""127 Creek Street"", ""Brisbane, Australia, 4000"" ], ""slug"": ""qld-ix-brisbane-qld-australia"", ""telephone"": ""61 8 9322 3022"", ""email"": ""peering@ix.asn.au"", ""date_online"": ""August 2011"" } ]",POINT (2043714.3740671976 -3147646.9500651862),220,31000,Brisbane,3,Queensland,AUS,Australia,1342.7173
90,15122,"['132 Franklin Street' 'Adelaide, SA, Australia']",australia,adelaide-sa,132-franklin-street,"[ { ""url"": ""http:\/\/www.pipenetworks.com\/pipeix.php"", ""members_url"": ""http:\/\/www.pipenetworks.com\/Peering\/who-text.shtml#"", ""euro_affiliation"": ""non-affiliated"", ""euro_ix_id"": 324, ""address"": [ ""PipeIX Adelaide (Adelaide, SA, Australia)"", ""132 Franklin Street"", ""Adelaide, Australia, 5000"" ], ""slug"": ""pipeix-adelaide-adelaide-sa-australia"", ""telephone"": ""61 7 3233 9832"", ""email"": ""sales@pipenetworks.com"" }, { ""url"": ""https:\/\/www.ix.asn.au\/peering\/"", ""address"": [ ""SA-IX (Adelaide, SA, Australia)"", ""132 Franklin Street"", ""Adelaide, Australia, 5000"" ], ""slug"": ""sa-ix-adelaide-sa-australia"", ""email"": ""peering@ix.asn.au"", ""date_online"": ""1998"" } ]",POINT (600440.9092674643 -3829534.946064992),293,40070,Adelaide,4,South Australia,AUS,Australia,15.5733
102,21021,"['148 Brunswick St' 'Brisbane, QLD, Australia']",australia,brisbane-qld,148-brunswick-st,"[ { ""url"": ""https:\/\/www.pipenetworks.com\/pipeix-locations.php#qld"", ""members_url"": ""http:\/\/www.pipenetworks.com\/Peering\/who-text.shtml#"", ""euro_affiliation"": ""non-affiliated"", ""euro_ix_id"": 325, ""address"": [ ""PipeIX Brisbane (Brisbane, QLD, Australia)"", ""148 Brunswick St"", ""Brisbane, Australia"" ], ""slug"": ""pipeix-brisbane-brisbane-qld-australia"", ""telephone"": ""+61 7 3233 9800"", ""email"": ""sales@pipenetworks.com"" } ]",POINT (2044271.573185783 -3146498.346553498),220,31000,Brisbane,3,Queensland,AUS,Australia,1342.7173
103,16966,"['148 Brunswick Street' 'Fortitude Valley, QLD, Australia']",australia,brisbane-qld,148-brunswick-street,"[ { ""url"": ""https:\/\/www.pipenetworks.com\/pipeix-locations.php#qld"", ""members_url"": ""http:\/\/www.pipenetworks.com\/Peering\/who-text.shtml#"", ""euro_affiliation"": ""non-affiliated"", ""euro_ix_id"": 325, ""address"": [ ""PipeIX Brisbane (Brisbane, QLD, Australia)"", ""148 Brunswick Street"", ""Fortitude Valley, Australia, 4006"" ], ""slug"": ""pipeix-brisbane-brisbane-qld-australia"", ""telephone"": ""+61 7 3233 9800"", ""email"": ""sales@pipenetworks.com"" }, { ""url"": ""https:\/\/www.ix.asn.au\/peering\/"", ""members_url"": ""https:\/\/www.waia.asn.au\/ix\/participants"", ""address"": [ ""QLD-IX (Brisbane, QLD, Australia)"", ""148 Brunswick Street"", ""Fortitude Valley, Australia, 4006"" ], ""slug"": ""qld-ix-brisbane-qld-australia"", ""telephone"": ""61 8 9322 3022"", ""email"": ""peering@ix.asn.au"", ""date_online"": ""August 2011"" }, { ""url"": ""https:\/\/www.megaport.com\/solutions\/mega-ix\/"", ""address"": [ ""MegaIX Brisbane (Brisbane, QLD, Australia)"", ""148 Brunswick Street"", ""Fortitude Valley, Australia, 4006"" ], ""slug"": ""megaix-brisbane-brisbane-qld-australia"", ""telephone"": ""61 730 885 933"", ""email"": ""sales@megaport.com"" } ]",POINT (2044316.541440655 -3146533.906316503),220,31000,Brisbane,3,Queensland,AUS,Australia,1342.7173
130,23453,"['17 Roberts Rd' 'Eastern Creek, NSW, Australia']",australia,sydney-nsw,17-roberts-rd,"[ { ""url"": ""https:\/\/www.megaport.com\/solutions\/mega-ix\/"", ""address"": [ ""MegaIX Sydney (Sydney, NSW, Australia)"", ""17 Roberts Rd"", ""Eastern Creek, Australia"" ], ""slug"": ""megaix-sydney-sydney-nsw-australia"", ""telephone"": ""61 730 885 933"", ""email"": ""sales@megaport.com"" } ]",POINT (1728042.525664368 -3818101.922519827),9,10750,Blacktown,1,New South Wales,AUS,Australia,238.8471
133,19327,"['17-23 Talavera Road' 'Macquarie Park NSW' 'Sydney, NSW, Australia']",australia,sydney-nsw,17-23-talavera-road,"[ { ""url"": ""https:\/\/www.megaport.com\/solutions\/mega-ix\/"", ""address"": [ ""MegaIX Sydney (Sydney, NSW, Australia)"", ""17-23 Talavera Road"", ""Macquarie Park NSW"", ""Sydney, Australia, 2113"" ], ""slug"": ""megaix-sydney-sydney-nsw-australia"", ""telephone"": ""61 730 885 933"", ""email"": ""sales@megaport.com"" } ]",POINT (1755082.192944945 -3817963.2388575715),97,16700,Ryde,1,New South Wales,AUS,Australia,40.4746
137,19885,"['176 Swann Drive' 'Derrimut' 'Melbourne, VIC, Australia']",australia,melbourne-vic,176-swann-drive,"[ { ""contact_one_email"": ""sales@equinix.com"", ""url"": ""https:\/\/ix.equinix.com"", ""address"": [ ""EQIX-MEL (Melbourne, VIC, Australia)"", ""176 Swann Drive"", ""Derrimut"", ""Melbourne, Australia"" ], ""slug"": ""eqix-mel-melbourne-vic-australia"", ""telephone"": ""65 6723 8833"", ""email"": ""support@equinix.com"", ""date_online"": ""June 2001"" }, { ""url"": ""https:\/\/www.megaport.com\/solutions\/mega-ix\/"", ""address"": [ ""MegaIX Melbourne (Melbourne, VIC, Australia)"", ""176 Swann Drive"", ""Derrimut"", ""Melbourne, Australia"" ], ""slug"": ""megaix-melbourne-melbourne-vic-australia"", ""telephone"": ""61 730 885 933"", ""email"": ""sales@megaport.com"" } ]",POINT (1129722.5361769267 -4188962.9223702704),140,21180,Brimbank,2,Victoria,AUS,Australia,123.3991
142,20786,"['180 Burnley Street' 'Richmond, QLD, Australia']",australia,melbourne-vic,180-burnley-street,"[ { ""url"": ""https:\/\/www.pipenetworks.com\/index.php"", ""members_url"": ""http:\/\/www.pipenetworks.com\/Peering\/who-text.shtml#"", ""euro_affiliation"": ""non-affiliated"", ""euro_ix_id"": 328, ""address"": [ ""PipeIX Melbourne (Melbourne, VIC, Australia)"", ""180 Burnley Street"", ""Richmond, Australia"" ], ""slug"": ""pipeix-melbourne-melbourne-vic-australia"", ""telephone"": ""61 7 3233 9832"", ""email"": ""sales@pipenetworks.com"" } ]",POINT (1150414.5802429505 -4193089.7245652196),207,27350,Yarra,2,Victoria,AUS,Australia,19.5421
150,18975,"['19 Battye St' 'Bruce' 'Canberra, ACT, Australia']",australia,canberra-act,19-battye-st,"[ { ""url"": ""http:\/\/www.ix.asn.au"", ""address"": [ ""ACT-IX (Canberra, ACT, Australia)"", ""19 Battye St"", ""Bruce"", ""Canberra, Australia"" ], ""slug"": ""act-ix-canberra-act-australia"", ""email"": ""peering@ix.asn.au"" } ]",POINT (1548049.6652071427 -3953239.992807449),560,89399,Unincorporated ACT,8,Australian Capital Territory,AUS,Australia,2358.133
151,21013,"['19 McKechnie Drive' 'Brisbane, QLD, Australia']",australia,brisbane-qld,19-mckechnie-drive,"[ { ""url"": ""https:\/\/www.megaport.com\/solutions\/mega-ix\/"", ""address"": [ ""MegaIX Brisbane (Brisbane, QLD, Australia)"", ""19 McKechnie Drive"", ""Brisbane, Australia"" ], ""slug"": ""megaix-brisbane-brisbane-qld-australia"", ""telephone"": ""61 730 885 933"", ""email"": ""sales@megaport.com"" } ]",POINT (2048215.1771962596 -3161129.4458064884),220,31000,Brisbane,3,Queensland,AUS,Australia,1342.7173
153,16710,"['190 City Road' 'Melbourne, VIC, Australia']",australia,melbourne-vic,190-city-road,"[ { ""url"": ""https:\/\/www.pipenetworks.com\/index.php"", ""members_url"": ""http:\/\/www.pipenetworks.com\/Peering\/who-text.shtml#"", ""euro_affiliation"": ""non-affiliated"", ""euro_ix_id"": 328, ""address"": [ ""PipeIX Melbourne (Melbourne, VIC, Australia)"", ""190 City Road"", ""Melbourne, Australia, 3025"" ], ""slug"": ""pipeix-melbourne-melbourne-vic-australia"", ""telephone"": ""61 7 3233 9832"", ""email"": ""sales@pipenetworks.com"" } ]",POINT (1146201.9482434688 -4193285.037019677),174,24600,Melbourne,2,Victoria,AUS,Australia,37.5452
164,21016,"['2 Cycas Lane' 'Brisbane, QLD, Australia']",australia,brisbane-qld,2-cycas-lane,"[ { ""url"": ""https:\/\/www.megaport.com\/solutions\/mega-ix\/"", ""address"": [ ""MegaIX Brisbane (Brisbane, QLD, Australia)"", ""2 Cycas Lane"", ""Brisbane, Australia"" ], ""slug"": ""megaix-brisbane-brisbane-qld-australia"", ""telephone"": ""61 730 885 933"", ""email"": ""sales@megaport.com"" } ]",POINT (2037852.2583742556 -3138835.015886116),259,35010,Moreton Bay,3,Queensland,AUS,Australia,2041.4737
175,16579,"['20 Wharf Street' 'Brisbane, QLD, Australia']",australia,brisbane-qld,20-wharf-street,"[ { ""url"": ""https:\/\/www.ix.asn.au\/peering\/"", ""members_url"": ""https:\/\/www.waia.asn.au\/ix\/participants"", ""address"": [ ""QLD-IX (Brisbane, QLD, Australia)"", ""20 Wharf Street"", ""Brisbane, Australia, 4000"" ], ""slug"": ""qld-ix-brisbane-qld-australia"", ""telephone"": ""61 8 9322 3022"", ""email"": ""peering@ix.asn.au"", ""date_online"": ""August 2011"" }, { ""url"": ""https:\/\/connectedix.com\/"", ""address"": [ ""CON-IX Brisbane (Brisbane, QLD, Australia)"", ""20 Wharf Street"", ""Brisbane, Australia, 4000"" ], ""slug"": ""con-ix-brisbane-brisbane-qld-australia"", ""telephone"": ""61 2 8319 9498"", ""email"": ""helpdesk@connectedix.com"" }, { ""url"": ""https:\/\/www.edgeix.net\/"", ""address"": [ ""EdgeIX Brisbane (Brisbane, QLD, Australia)"", ""20 Wharf Street"", ""Brisbane, Australia, 4000"" ], ""slug"": ""edgeix-brisbane-brisbane-qld-australia"", ""telephone"": ""61 2 9006 9626"", ""email"": ""peering@edgeix.net"" }, { ""url"": ""https:\/\/www.megaport.com\/solutions\/mega-ix\/"", ""address"": [ ""MegaIX Brisbane (Brisbane, QLD, Australia)"", ""20 Wharf Street"", ""Brisbane, Australia, 4000"" ], ""slug"": ""megaix-brisbane-brisbane-qld-australia"", ""telephone"": ""61 730 885 933"", ""email"": ""sales@megaport.com"" } ]",POINT (2043923.244045039 -3147646.0946169025),220,31000,Brisbane,3,Queensland,AUS,Australia,1342.7173
184,16725,"['201-207 Kent Street' 'Sydney, NSW, Australia']",australia,sydney-nsw,201-207-kent-street,"[ { ""url"": ""http:\/\/www.pipenetworks.com\/pipeix.php"", ""members_url"": ""http:\/\/www.pipenetworks.com\/Peering\/who-text.shtml#"", ""euro_affiliation"": ""non-affiliated"", ""euro_ix_id"": 329, ""address"": [ ""PipeIX Sydney (Sydney, NSW, Australia)"", ""201-207 Kent Street"", ""Sydney, Australia, 2000"" ], ""slug"": ""pipeix-sydney-sydney-nsw-australia"", ""telephone"": ""61 7 3233 9832"", ""email"": ""sales@pipenetworks.com"" } ]",POINT (1760579.5208226936 -3828141.9467109316),105,17200,Sydney,1,New South Wales,AUS,Australia,26.6762
205,20989,"['22-36 Walsh Street' 'Melbourne, VIC, Australia']",australia,melbourne-vic,22-36-walsh-street,"[ { ""contact_one_email"": ""sales@equinix.com"", ""url"": ""https:\/\/ix.equinix.com"", ""address"": [ ""EQIX-MEL (Melbourne, VIC, Australia)"", ""22-36 Walsh Street"", ""Melbourne, Australia"" ], ""slug"": ""eqix-mel-melbourne-vic-australia"", ""telephone"": ""65 6723 8833"", ""email"": ""support@equinix.com"", ""date_online"": ""June 2001"" }, { ""url"": ""https:\/\/www.megaport.com\/solutions\/mega-ix\/"", ""address"": [ ""MegaIX Melbourne (Melbourne, VIC, Australia)"", ""22-36 Walsh Street"", ""Melbourne, Australia"" ], ""slug"": ""megaix-melbourne-melbourne-vic-australia"", ""telephone"": ""61 730 885 933"", ""email"": ""sales@megaport.com"" } ]",POINT (1145689.4794726362 -4191412.5601818636),174,24600,Melbourne,2,Victoria,AUS,Australia,37.5452
207,16661,"['221 Dryburgh Street' 'Melbourne, VIC, Australia']",australia,melbourne-vic,221-dryburgh-street,"[ { ""url"": ""https:\/\/www.pipenetworks.com\/index.php"", ""members_url"": ""http:\/\/www.pipenetworks.com\/Peering\/who-text.shtml#"", ""euro_affiliation"": ""non-affiliated"", ""euro_ix_id"": 328, ""address"": [ ""PipeIX Melbourne (Melbourne, VIC, Australia)"", ""221 Dryburgh Street"", ""Melbourne, Australia, 3051"" ], ""slug"": ""pipeix-melbourne-melbourne-vic-australia"", ""telephone"": ""61 7 3233 9832"", ""email"": ""sales@pipenetworks.com"" } ]",POINT (1144891.0679393557 -4190582.5138955745),174,24600,Melbourne,2,Victoria,AUS,Australia,37.5452
221,23554,"['23-25 Waterloo Rd' 'North Ryde, NSW, Australia']",australia,sydney-nsw,23-25-waterloo-rd,"[ { ""url"": ""http:\/\/www.ix.asn.au"", ""address"": [ ""NSW-IX (Sydney, NSW, Australia)"", ""23-25 Waterloo Rd"", ""North Ryde, Australia"" ], ""slug"": ""nsw-ix-sydney-nsw-australia"", ""email"": ""peering@ix.asn.au"" } ]",POINT (1755302.9677229363 -3818610.539011504),97,16700,Ryde,1,New South Wales,AUS,Australia,40.4746
234,16675,"['25 Waterloo Road' 'North Ryde, NSW, Australia']",australia,sydney-nsw,25-waterloo-road,"[ { ""url"": ""https:\/\/www.megaport.com\/solutions\/mega-ix\/"", ""address"": [ ""MegaIX Sydney (Sydney, NSW, Australia)"", ""25 Waterloo Road"", ""North Ryde, Australia, 2113"" ], ""slug"": ""megaix-sydney-sydney-nsw-australia"", ""telephone"": ""61 730 885 933"", ""email"": ""sales@megaport.com"" }, { ""url"": ""http:\/\/www.pipenetworks.com\/pipeix.php"", ""members_url"": ""http:\/\/www.pipenetworks.com\/Peering\/who-text.shtml#"", ""euro_affiliation"": ""non-affiliated"", ""euro_ix_id"": 329, ""address"": [ ""PipeIX Sydney (Sydney, NSW, Australia)"", ""25 Waterloo Road"", ""North Ryde, Australia, 2113"" ], ""slug"": ""pipeix-sydney-sydney-nsw-australia"", ""telephone"": ""61 7 3233 9832"", ""email"": ""sales@pipenetworks.com"" } ]",POINT (1755286.3329824368 -3818636.841270183),97,16700,Ryde,1,New South Wales,AUS,Australia,40.4746
244,22706,"['27 Harvey Street' 'Darwin, NT, Australia']",australia,darwin-nt,27-harvey-street,"[ { ""url"": ""https:\/\/www.edgeix.net\/"", ""address"": [ ""EdgeIX Darwin (Darwin, NT, Australia)"", ""27 Harvey Street"", ""Darwin, Australia"" ], ""slug"": ""edgeix-darwin-darwin-nt-australia"", ""telephone"": ""61 2 9006 9626"", ""email"": ""peering@edgeix.net"" } ]",POINT (-128460.8295923727 -1314308.9444437455),543,71000,Darwin,7,Northern Territory,AUS,Australia,111.2614
253,15124,"['29 Elizabeth Street' 'Hobart, TAS, Australia']",australia,hobart-tas,29-elizabeth-street,"[ { ""url"": ""https:\/\/www.pipenetworks.com\/index.php"", ""members_url"": ""http:\/\/www.pipenetworks.com\/Peering\/who-text.shtml#"", ""euro_affiliation"": ""non-affiliated"", ""euro_ix_id"": 327, ""address"": [ ""PipeIX Hobart (Hobart, TAS, Australia)"", ""29 Elizabeth Street"", ""Hobart, Australia, 7000"" ], ""slug"": ""pipeix-hobart-hobart-tas-australia"", ""telephone"": ""61 7 3233 9800"", ""email"": ""sales@pipenetworks.com"" } ]",POINT (1288569.8270055158 -4764354.969738454),521,62810,Hobart,6,Tasmania,AUS,Australia,77.8965
287,8006,"['330 Spencer Street' 'Melbourne, VIC, Australia']",australia,melbourne-vic,330-spencer-street,"[ { ""url"": ""https:\/\/www.pipenetworks.com\/index.php"", ""members_url"": ""http:\/\/www.pipenetworks.com\/Peering\/who-text.shtml#"", ""euro_affiliation"": ""non-affiliated"", ""euro_ix_id"": 328, ""address"": [ ""PipeIX Melbourne (Melbourne, VIC, Australia)"", ""330 Spencer Street"", ""Melbourne, Australia, 3003"" ], ""slug"": ""pipeix-melbourne-melbourne-vic-australia"", ""telephone"": ""61 7 3233 9832"", ""email"": ""sales@pipenetworks.com"" } ]",POINT (1145447.9695569372 -4191907.9929585517),174,24600,Melbourne,2,Victoria,AUS,Australia,37.5452
294,18885,"['340 Findon Rd' 'Kidman Park, SA, Australia']",australia,adelaide-sa,340-findon-rd,"[ { ""url"": ""http:\/\/www.pipenetworks.com\/pipeix.php"", ""members_url"": ""http:\/\/www.pipenetworks.com\/Peering\/who-text.shtml#"", ""euro_affiliation"": ""non-affiliated"", ""euro_ix_id"": 324, ""address"": [ ""PipeIX Adelaide (Adelaide, SA, Australia)"", ""340 Findon Rd"", ""Kidman Park, Australia"" ], ""slug"": ""pipeix-adelaide-adelaide-sa-australia"", ""telephone"": ""61 7 3233 9832"", ""email"": ""sales@pipenetworks.com"" }, { ""url"": ""https:\/\/www.megaport.com\/solutions\/mega-ix\/"", ""address"": [ ""MegaIX Adelaide (Adelaide, SA, Australia)"", ""340 Findon Rd"", ""Kidman Park, Australia"" ], ""slug"": ""megaix-adelaide-adelaide-sa-australia"", ""telephone"": ""61 730 885 933"", ""email"": ""sales@megaport.com"" } ]",POINT (594736.4571833535 -3827170.732852215),304,41060,Charles Sturt,4,South Australia,AUS,Australia,54.7876
299,15115,"['344 Queen Street' 'Brisbane, QLD, Australia']",australia,brisbane-qld,344-queen-street,"[ { ""url"": ""https:\/\/www.pipenetworks.com\/pipeix-locations.php#qld"", ""members_url"": ""http:\/\/www.pipenetworks.com\/Peering\/who-text.shtml#"", ""euro_affiliation"": ""non-affiliated"", ""euro_ix_id"": 325, ""address"": [ ""PipeIX Brisbane (Brisbane, QLD, Australia)"", ""344 Queen Street"", ""Brisbane, Australia"" ], ""slug"": ""pipeix-brisbane-brisbane-qld-australia"", ""telephone"": ""+61 7 3233 9800"", ""email"": ""sales@pipenetworks.com"" } ]",POINT (2043866.3001907354 -3147755.941286137),220,31000,Brisbane,3,Queensland,AUS,Australia,1342.7173
311,16660,"['376 Flinders Street' 'Melbourne, VIC, Australia']",australia,melbourne-vic,376-flinders-street,"[ { ""url"": ""https:\/\/www.pipenetworks.com\/index.php"", ""members_url"": ""http:\/\/www.pipenetworks.com\/Peering\/who-text.shtml#"", ""euro_affiliation"": ""non-affiliated"", ""euro_ix_id"": 328, ""address"": [ ""PipeIX Melbourne (Melbourne, VIC, Australia)"", ""376 Flinders Street"", ""Melbourne, Australia, 3000"" ], ""slug"": ""pipeix-melbourne-melbourne-vic-australia"", ""telephone"": ""61 7 3233 9832"", ""email"": ""sales@pipenetworks.com"" } ]",POINT (1146277.763993955 -4192706.505541729),174,24600,Melbourne,2,Victoria,AUS,Australia,37.5452
315,16718,"['39 Herbert Street' 'St. Leonards, NSW, Australia']",australia,sydney-nsw,39-herbert-street,"[ { ""url"": ""https:\/\/www.megaport.com\/solutions\/mega-ix\/"", ""address"": [ ""MegaIX Sydney (Sydney, NSW, Australia)"", ""39 Herbert Street"", ""St. Leonards, Australia, 2065"" ], ""slug"": ""megaix-sydney-sydney-nsw-australia"", ""telephone"": ""61 730 885 933"", ""email"": ""sales@megaport.com"" }, { ""url"": ""http:\/\/www.pipenetworks.com\/pipeix.php"", ""members_url"": ""http:\/\/www.pipenetworks.com\/Peering\/who-text.shtml#"", ""euro_affiliation"": ""non-affiliated"", ""euro_ix_id"": 329, ""address"": [ ""PipeIX Sydney (Sydney, NSW, Australia)"", ""39 Herbert Street"", ""St. Leonards, Australia, 2065"" ], ""slug"": ""pipeix-sydney-sydney-nsw-australia"", ""telephone"": ""61 7 3233 9832"", ""email"": ""sales@pipenetworks.com"" } ]",POINT (1760315.2530766248 -3822709.123404605),122,18250,Willoughby,1,New South Wales,AUS,Australia,22.4257
322,18977,"['4 Eden Park Drive' 'Macquarie Park' 'Sydney, NSW, Australia']",australia,sydney-nsw,4-eden-park-drive,"[ { ""url"": ""https:\/\/www.megaport.com\/solutions\/mega-ix\/"", ""address"": [ ""MegaIX Sydney (Sydney, NSW, Australia)"", ""4 Eden Park Drive"", ""Macquarie Park"", ""Sydney, Australia"" ], ""slug"": ""megaix-sydney-sydney-nsw-australia"", ""telephone"": ""61 730 885 933"", ""email"": ""sales@megaport.com"" }, { ""url"": ""http:\/\/www.ix.asn.au"", ""address"": [ ""NSW-IX (Sydney, NSW, Australia)"", ""4 Eden Park Drive"", ""Macquarie Park"", ""Sydney, Australia"" ], ""slug"": ""nsw-ix-sydney-nsw-australia"", ""email"": ""peering@ix.asn.au"" }, { ""url"": ""https:\/\/connectedix.com\/"", ""address"": [ ""CON-IX Sydney (Sydney, NSW, Australia)"", ""4 Eden Park Drive"", ""Macquarie Park"", ""Sydney, Australia"" ], ""slug"": ""con-ix-sydney-sydney-nsw-australia"", ""telephone"": ""61 2 8319 9498"", ""email"": ""helpdesk@connectedix.com"" }, { ""url"": ""https:\/\/www.edgeix.net\/"", ""address"": [ ""EdgeIX Sydney (Sydney, NSW, Australia)"", ""4 Eden Park Drive"", ""Macquarie Park"", ""Sydney, Australia"" ], ""slug"": ""edgeix-sydney-sydney-nsw-australia"", ""telephone"": ""61 2 9006 9626"", ""email"": ""peering@edgeix.net"" } ]",POINT (1755270.3873864575 -3818440.0603733),97,16700,Ryde,1,New South Wales,AUS,Australia,40.4746
323,23070,"['4 Figtree Dr' 'Sydney Olympic Park' 'Sydney, NSW, Australia']",australia,sydney-nsw,4-figtree-dr,"[ { ""url"": ""https:\/\/www.megaport.com\/solutions\/mega-ix\/"", ""address"": [ ""MegaIX Sydney (Sydney, NSW, Australia)"", ""4 Figtree Dr"", ""Sydney Olympic Park"", ""Sydney, Australia"" ], ""slug"": ""megaix-sydney-sydney-nsw-australia"", ""telephone"": ""61 730 885 933"", ""email"": ""sales@megaport.com"" } ]",POINT (1748518.0188634684 -3824693.130645878),90,16260,Parramatta,1,New South Wales,AUS,Australia,83.8303
324,18976,"['4 Millrose Dr' 'Malaga' 'Perth, WA, Australia']",australia,perth-wa,4-millrose-dr,"[ { ""url"": ""https:\/\/www.megaport.com\/solutions\/mega-ix\/"", ""address"": [ ""MegaIX Perth (Perth, WA, Australia)"", ""4 Millrose Dr"", ""Malaga"", ""Perth, Australia, 6090"" ], ""slug"": ""megaix-perth-perth-wa-australia"", ""telephone"": ""61 730 885 933"", ""email"": ""sales@megaport.com"" }, { ""url"": ""https:\/\/www.ix.asn.au\/peering\/"", ""members_url"": ""https:\/\/www.waia.asn.au\/ix\/participants"", ""euro_affiliation"": ""non-affiliated"", ""euro_ix_id"": 108, ""address"": [ ""WA-IX (Perth, WA, Australia)"", ""4 Millrose Dr"", ""Malaga"", ""Perth, Australia, 6090"" ], ""slug"": ""wa-ix-perth-wa-australia"", ""telephone"": ""61 8 9322 3022"", ""email"": ""peering@ix.asn.au"", ""date_online"": ""1997"" }, { ""url"": ""https:\/\/www.edgeix.net\/"", ""address"": [ ""EdgeIX Perth (Perth, WA, Australia)"", ""4 Millrose Dr"", ""Malaga"", ""Perth, Australia, 6090"" ], ""slug"": ""edgeix-perth-perth-wa-australia"", ""telephone"": ""61 2 9006 9626"", ""email"": ""peering@edgeix.net"" } ]",POINT (-1506125.1794497464 -3567212.038685902),480,58050,Swan,5,Western Australia,AUS,Australia,1042.9936
325,20544,"['4 Millrose Dr.' 'Malaga, WA, Australia']",australia,perth-wa,4-millrose-dr-,"[ { ""url"": ""https:\/\/www.ix.asn.au\/peering\/"", ""members_url"": ""https:\/\/www.waia.asn.au\/ix\/participants"", ""euro_affiliation"": ""non-affiliated"", ""euro_ix_id"": 108, ""address"": [ ""WA-IX (Perth, WA, Australia)"", ""4 Millrose Dr."", ""Malaga, Australia"" ], ""slug"": ""wa-ix-perth-wa-australia"", ""telephone"": ""61 8 9322 3022"", ""email"": ""peering@ix.asn.au"", ""date_online"": ""1997"" }, { ""url"": ""https:\/\/ixplay.global\/"", ""address"": [ ""IXPlay Peers (Perth, WA, Australia)"", ""4 Millrose Dr."", ""Malaga, Australia"" ], ""slug"": ""ixplay-peers-perth-wa-australia"", ""email"": ""support@ixplay.es"" } ]",POINT (-1506125.1794497464 -3567212.038685902),480,58050,Swan,5,Western Australia,AUS,Australia,1042.9936
326,24753,"['4 Wesley Ct' 'Burwood East' 'Melbourne, VIC, Australia']",australia,melbourne-vic,4-wesley-ct,"[ { ""url"": ""https:\/\/www.megaport.com\/solutions\/mega-ix\/"", ""address"": [ ""MegaIX Melbourne (Melbourne, VIC, Australia)"", ""4 Wesley Ct"", ""Burwood East"", ""Melbourne, Australia"" ], ""slug"": ""megaix-melbourne-melbourne-vic-australia"", ""telephone"": ""61 730 885 933"", ""email"": ""sales@megaport.com"" } ]",POINT (1163539.345331788 -4198727.6385243535),203,26980,Whitehorse,2,Victoria,AUS,Australia,64.2801
332,22878,"['40-50 Innovation Dr, Dowsing Point' 'Hobart, TAS, Australia']",australia,hobart-tas,40-50-innovation-dr-dowsing-point,"[ { ""url"": ""https:\/\/internet.asn.au\/services\/peering\/"", ""address"": [ ""TAS-IX (Hobart, TAS, Australia)"", ""40-50 Innovation Dr, Dowsing Point"", ""Hobart, Australia"" ], ""slug"": ""tas-ix-hobart-tas-australia"", ""email"": ""peering@ix.asn.au"" } ]",POINT (1287249.1859001613 -4757737.72184985),520,62610,Glenorchy,6,Tasmania,AUS,Australia,121.1632
350,21026,"['437 Williamstown Road' 'Melbourne, VIC, Australia']",australia,melbourne-vic,437-williamstown-road,"[ { ""url"": ""https:\/\/www.megaport.com\/solutions\/mega-ix\/"", ""address"": [ ""MegaIX Melbourne (Melbourne, VIC, Australia)"", ""437 Williamstown Road"", ""Melbourne, Australia"" ], ""slug"": ""megaix-melbourne-melbourne-vic-australia"", ""telephone"": ""61 730 885 933"", ""email"": ""sales@megaport.com"" } ]",POINT (1143771.9273224596 -4193975.184457672),189,25900,Port Phillip,2,Victoria,AUS,Australia,20.6141
361,19559,"['45 St Georges Terrace' 'Perth, WA, Australia']",australia,perth-wa,45-st-georges-terrace,"[ { ""url"": ""https:\/\/www.ix.asn.au\/peering\/"", ""members_url"": ""https:\/\/www.waia.asn.au\/ix\/participants"", ""euro_affiliation"": ""non-affiliated"", ""euro_ix_id"": 108, ""address"": [ ""WA-IX (Perth, WA, Australia)"", ""45 St Georges Terrace"", ""Perth, Australia, 6000"" ], ""slug"": ""wa-ix-perth-wa-australia"", ""telephone"": ""61 8 9322 3022"", ""email"": ""peering@ix.asn.au"", ""date_online"": ""1997"" } ]",POINT (-1508271.1918204292 -3577783.347280293),467,57080,Perth,5,Western Australia,AUS,Australia,13.7335
364,21967,"['454 St Pauls Terrace' 'Fortitude Valley, QLD, Australia']",australia,brisbane-qld,454-st-pauls-terrace,"[ { ""url"": ""https:\/\/www.ix.asn.au\/peering\/"", ""members_url"": ""https:\/\/www.waia.asn.au\/ix\/participants"", ""address"": [ ""QLD-IX (Brisbane, QLD, Australia)"", ""454 St Pauls Terrace"", ""Fortitude Valley, Australia"" ], ""slug"": ""qld-ix-brisbane-qld-australia"", ""telephone"": ""61 8 9322 3022"", ""email"": ""peering@ix.asn.au"", ""date_online"": ""August 2011"" }, { ""url"": ""https:\/\/connectedix.com\/"", ""address"": [ ""CON-IX Brisbane (Brisbane, QLD, Australia)"", ""454 St Pauls Terrace"", ""Fortitude Valley, Australia"" ], ""slug"": ""con-ix-brisbane-brisbane-qld-australia"", ""telephone"": ""61 2 8319 9498"", ""email"": ""helpdesk@connectedix.com"" }, { ""url"": ""https:\/\/www.edgeix.net\/"", ""address"": [ ""EdgeIX Brisbane (Brisbane, QLD, Australia)"", ""454 St Pauls Terrace"", ""Fortitude Valley, Australia"" ], ""slug"": ""edgeix-brisbane-brisbane-qld-australia"", ""telephone"": ""61 2 9006 9626"", ""email"": ""peering@edgeix.net"" }, { ""url"": ""https:\/\/www.megaport.com\/solutions\/mega-ix\/"", ""address"": [ ""MegaIX Brisbane (Brisbane, QLD, Australia)"", ""454 St Pauls Terrace"", ""Fortitude Valley, Australia"" ], ""slug"": ""megaix-brisbane-brisbane-qld-australia"", ""telephone"": ""61 730 885 933"", ""email"": ""sales@megaport.com"" } ]",POINT (2044473.585305565 -3146417.957688385),220,31000,Brisbane,3,Queensland,AUS,Australia,1342.7173
369,18434,"['47 Bourke Road' 'Alexandria, NSW, Australia']",australia,sydney-nsw,47-bourke-road,"[ { ""contact_one_email"": ""sales@equinix.com"", ""url"": ""https:\/\/ix.equinix.com"", ""euro_affiliation"": ""non-affiliated"", ""euro_ix_id"": 179, ""address"": [ ""EQIX-SY (Sydney, NSW, Australia)"", ""47 Bourke Road"", ""Alexandria, Australia"" ], ""slug"": ""eqix-sy-sydney-nsw-australia"", ""telephone"": ""65 6723 8833"", ""email"": ""support@equinix.com"", ""date_online"": ""June 2001"" }, { ""url"": ""http:\/\/www.ix.asn.au"", ""address"": [ ""NSW-IX (Sydney, NSW, Australia)"", ""47 Bourke Road"", ""Alexandria, Australia"" ], ""slug"": ""nsw-ix-sydney-nsw-australia"", ""email"": ""peering@ix.asn.au"" }, { ""url"": ""https:\/\/www.megaport.com\/solutions\/mega-ix\/"", ""address"": [ ""MegaIX Sydney (Sydney, NSW, Australia)"", ""47 Bourke Road"", ""Alexandria, Australia"" ], ""slug"": ""megaix-sydney-sydney-nsw-australia"", ""telephone"": ""61 730 885 933"", ""email"": ""sales@megaport.com"" }, { ""url"": ""https:\/\/connectedix.com\/"", ""address"": [ ""CON-IX Sydney (Sydney, NSW, Australia)"", ""47 Bourke Road"", ""Alexandria, Australia"" ], ""slug"": ""con-ix-sydney-sydney-nsw-australia"", ""telephone"": ""61 2 8319 9498"", ""email"": ""helpdesk@connectedix.com"" }, { ""url"": ""https:\/\/www.edgeix.net\/"", ""address"": [ ""EdgeIX Sydney (Sydney, NSW, Australia)"", ""47 Bourke Road"", ""Alexandria, Australia"" ], ""slug"": ""edgeix-sydney-sydney-nsw-australia"", ""telephone"": ""61 2 9006 9626"", ""email"": ""peering@edgeix.net"" }, { ""url"": ""http:\/\/www.pipenetworks.com\/pipeix.php"", ""members_url"": ""http:\/\/www.pipenetworks.com\/Peering\/who-text.shtml#"", ""euro_affiliation"": ""non-affiliated"", ""euro_ix_id"": 329, ""address"": [ ""PipeIX Sydney (Sydney, NSW, Australia)"", ""47 Bourke Road"", ""Alexandria, Australia"" ], ""slug"": ""pipeix-sydney-sydney-nsw-australia"", ""telephone"": ""61 7 3233 9832"", ""email"": ""sales@pipenetworks.com"" } ]",POINT (1758842.130287765 -3833325.0378650734),105,17200,Sydney,1,New South Wales,AUS,Australia,26.6762
370,15126,"['470 Northbourne Ave' 'Canberra, ACT, Australia']",australia,canberra-act,470-northbourne-ave,"[ { ""url"": ""https:\/\/www.pipenetworks.com\/index.php"", ""members_url"": ""http:\/\/www.pipenetworks.com\/Peering\/who-text.shtml#"", ""euro_affiliation"": ""non-affiliated"", ""euro_ix_id"": 326, ""address"": [ ""PipeIX Canberra (Canberra, ACT, Australia)"", ""470 Northbourne Ave"", ""Canberra, Australia, 2602"" ], ""slug"": ""pipeix-canberra-canberra-act-australia"", ""telephone"": ""61 7 3233 9800"", ""email"": ""sales@pipenetworks.com"" }, { ""url"": ""http:\/\/www.ix.asn.au"", ""address"": [ ""ACT-IX (Canberra, ACT, Australia)"", ""470 Northbourne Ave"", ""Canberra, Australia, 2602"" ], ""slug"": ""act-ix-canberra-act-australia"", ""email"": ""peering@ix.asn.au"" } ]",POINT (1551338.5692040492 -3954288.2705857437),560,89399,Unincorporated ACT,8,Australian Capital Territory,AUS,Australia,2358.133
372,19353,"['477 Pitt St' 'Sydney, NSW, Australia']",australia,sydney-nsw,477-pitt-st,"[ { ""url"": ""https:\/\/www.megaport.com\/solutions\/mega-ix\/"", ""address"": [ ""MegaIX Sydney (Sydney, NSW, Australia)"", ""477 Pitt St"", ""Sydney, Australia, 2000"" ], ""slug"": ""megaix-sydney-sydney-nsw-australia"", ""telephone"": ""61 730 885 933"", ""email"": ""sales@megaport.com"" } ]",POINT (1760530.1467494967 -3830027.302967695),105,17200,Sydney,1,New South Wales,AUS,Australia,26.6762
379,19352,"['5 Broadcast Way' 'Artarmon, NSW, Australia']",australia,sydney-nsw,5-broadcast-way,"[ { ""url"": ""https:\/\/www.megaport.com\/solutions\/mega-ix\/"", ""address"": [ ""MegaIX Sydney (Sydney, NSW, Australia)"", ""5 Broadcast Way"", ""Artarmon, Australia, 2064"" ], ""slug"": ""megaix-sydney-sydney-nsw-australia"", ""telephone"": ""61 730 885 933"", ""email"": ""sales@megaport.com"" } ]",POINT (1759684.9279376764 -3823100.739698825),122,18250,Willoughby,1,New South Wales,AUS,Australia,22.4257
383,20000,"['5 Watts Place, Bentley' 'Perth, WA, Australia']",australia,perth-wa,5-watts-place-bentley,"[ { ""url"": ""https:\/\/www.ix.asn.au\/peering\/"", ""members_url"": ""https:\/\/www.waia.asn.au\/ix\/participants"", ""euro_affiliation"": ""non-affiliated"", ""euro_ix_id"": 108, ""address"": [ ""WA-IX (Perth, WA, Australia)"", ""5 Watts Place, Bentley"", ""Perth, Australia, 6102"" ], ""slug"": ""wa-ix-perth-wa-australia"", ""telephone"": ""61 8 9322 3022"", ""email"": ""peering@ix.asn.au"", ""date_online"": ""1997"" } ]",POINT (-1504973.4202773147 -3581940.0540320203),486,58510,Victoria Park,5,Western Australia,AUS,Australia,17.9396
393,20321,"['525 Collins Street' 'Melbourne, VIC, Australia']",australia,melbourne-vic,525-collins-street,"[ { ""url"": ""https:\/\/www.pipenetworks.com\/index.php"", ""members_url"": ""http:\/\/www.pipenetworks.com\/Peering\/who-text.shtml#"", ""euro_affiliation"": ""non-affiliated"", ""euro_ix_id"": 328, ""address"": [ ""PipeIX Melbourne (Melbourne, VIC, Australia)"", ""525 Collins Street"", ""Melbourne, Australia"" ], ""slug"": ""pipeix-melbourne-melbourne-vic-australia"", ""telephone"": ""61 7 3233 9832"", ""email"": ""sales@pipenetworks.com"" } ]",POINT (1145731.3720569685 -4192613.8239575108),174,24600,Melbourne,2,Victoria,AUS,Australia,37.5452
394,21010,"['53 Brandl' 'Eight Mile Plains, QLD, Australia']",australia,brisbane-qld,53-brandl,"[ { ""url"": ""https:\/\/www.ix.asn.au\/peering\/"", ""members_url"": ""https:\/\/www.waia.asn.au\/ix\/participants"", ""address"": [ ""QLD-IX (Brisbane, QLD, Australia)"", ""53 Brandl"", ""Eight Mile Plains, Australia"" ], ""slug"": ""qld-ix-brisbane-qld-australia"", ""telephone"": ""61 8 9322 3022"", ""email"": ""peering@ix.asn.au"", ""date_online"": ""August 2011"" }, { ""url"": ""https:\/\/www.megaport.com\/solutions\/mega-ix\/"", ""address"": [ ""MegaIX Brisbane (Brisbane, QLD, Australia)"", ""53 Brandl"", ""Eight Mile Plains, Australia"" ], ""slug"": ""megaix-brisbane-brisbane-qld-australia"", ""telephone"": ""61 730 885 933"", ""email"": ""sales@megaport.com"" } ]",POINT (2048577.4726833347 -3161411.821766786),220,31000,Brisbane,3,Queensland,AUS,Australia,1342.7173
395,8146,"['530 Collins Street' 'Melbourne, VIC, Australia']",australia,melbourne-vic,530-collins-street,"[ { ""contact_one"": ""Joe Wooller"", ""contact_one_email"": ""joe@waia.asn.au"", ""url"": ""https:\/\/www.ix.asn.au\/peering\/"", ""members_url"": ""https:\/\/www.waia.asn.au\/ix\/participants"", ""address"": [ ""VIC-IX (Melbourne, VIC, Australia)"", ""530 Collins Street"", ""Melbourne, Australia, 3000"" ], ""slug"": ""vic-ix-melbourne-vic-australia"", ""telephone"": ""61 8 9322 3022"", ""email"": ""peering@ix.asn.au"", ""date_online"": ""April 2011"" }, { ""url"": ""https:\/\/www.edgeix.net\/"", ""address"": [ ""EdgeIX Melbourne (Melbourne, VIC, Australia)"", ""530 Collins Street"", ""Melbourne, Australia, 3000"" ], ""slug"": ""edgeix-melbourne-melbourne-vic-australia"", ""telephone"": ""61 2 9006 9626"", ""email"": ""peering@edgeix.net"" }, { ""url"": ""https:\/\/www.megaport.com\/solutions\/mega-ix\/"", ""address"": [ ""MegaIX Melbourne (Melbourne, VIC, Australia)"", ""530 Collins Street"", ""Melbourne, Australia, 3000"" ], ""slug"": ""megaix-melbourne-melbourne-vic-australia"", ""telephone"": ""61 730 885 933"", ""email"": ""sales@megaport.com"" } ]",POINT (1145876.8963572993 -4192566.348241677),174,24600,Melbourne,2,Victoria,AUS,Australia,37.5452
400,16624,"['54 Alfred Street' 'Fortitude Valley, QLD, Australia']",australia,brisbane-qld,54-alfred-street,"[ { ""url"": ""https:\/\/connectedix.com\/"", ""address"": [ ""CON-IX Brisbane (Brisbane, QLD, Australia)"", ""54 Alfred Street"", ""Fortitude Valley, Australia, 4006"" ], ""slug"": ""con-ix-brisbane-brisbane-qld-australia"", ""telephone"": ""61 2 8319 9498"", ""email"": ""helpdesk@connectedix.com"" }, { ""url"": ""https:\/\/www.megaport.com\/solutions\/mega-ix\/"", ""address"": [ ""MegaIX Brisbane (Brisbane, QLD, Australia)"", ""54 Alfred Street"", ""Fortitude Valley, Australia, 4006"" ], ""slug"": ""megaix-brisbane-brisbane-qld-australia"", ""telephone"": ""61 730 885 933"", ""email"": ""sales@megaport.com"" } ]",POINT (2044542.1077933875 -3146584.004655091),220,31000,Brisbane,3,Queensland,AUS,Australia,1342.7173
402,18178,"['54 Streziecki Avenue' 'Melbourne, VIC, Australia']",australia,melbourne-vic,54-streziecki-avenue,"[ { ""url"": ""https:\/\/www.megaport.com\/solutions\/mega-ix\/"", ""address"": [ ""MegaIX Melbourne (Melbourne, VIC, Australia)"", ""54 Streziecki Avenue"", ""Melbourne, Australia"" ], ""slug"": ""megaix-melbourne-melbourne-vic-australia"", ""telephone"": ""61 730 885 933"", ""email"": ""sales@megaport.com"" } ]",POINT (1145301.2830956364 -4191494.0513669094),174,24600,Melbourne,2,Victoria,AUS,Australia,37.5452
403,16734,"['549 Harris Street' 'Ultimo, NSW, Australia']",australia,sydney-nsw,549-harris-street,"[ { ""url"": ""http:\/\/www.pipenetworks.com\/pipeix.php"", ""members_url"": ""http:\/\/www.pipenetworks.com\/Peering\/who-text.shtml#"", ""euro_affiliation"": ""non-affiliated"", ""euro_ix_id"": 329, ""address"": [ ""PipeIX Sydney (Sydney, NSW, Australia)"", ""549 Harris Street"", ""Ultimo, Australia, 2000"" ], ""slug"": ""pipeix-sydney-sydney-nsw-australia"", ""telephone"": ""61 7 3233 9832"", ""email"": ""sales@pipenetworks.com"" } ]",POINT (1759860.2033626293 -3829694.9378456315),105,17200,Sydney,1,New South Wales,AUS,Australia,26.6762
404,16724,"['55 Clarence Street' 'Sydney, NSW, Australia']",australia,sydney-nsw,55-clarence-street,"[ { ""url"": ""http:\/\/www.pipenetworks.com\/pipeix.php"", ""members_url"": ""http:\/\/www.pipenetworks.com\/Peering\/who-text.shtml#"", ""euro_affiliation"": ""non-affiliated"", ""euro_ix_id"": 329, ""address"": [ ""PipeIX Sydney (Sydney, NSW, Australia)"", ""55 Clarence Street"", ""Sydney, Australia, 2000"" ], ""slug"": ""pipeix-sydney-sydney-nsw-australia"", ""telephone"": ""61 7 3233 9832"", ""email"": ""sales@pipenetworks.com"" } ]",POINT (1760624.676432393 -3828269.046497984),105,17200,Sydney,1,New South Wales,AUS,Australia,26.6762
405,18209,"['55 Crockford Street' 'Port Melbourne, VIC, Australia']",australia,melbourne-vic,55-crockford-street,"[ { ""contact_one"": ""Joe Wooller"", ""contact_one_email"": ""joe@waia.asn.au"", ""url"": ""https:\/\/www.ix.asn.au\/peering\/"", ""members_url"": ""https:\/\/www.waia.asn.au\/ix\/participants"", ""address"": [ ""VIC-IX (Melbourne, VIC, Australia)"", ""55 Crockford Street"", ""Port Melbourne, Australia"" ], ""slug"": ""vic-ix-melbourne-vic-australia"", ""telephone"": ""61 8 9322 3022"", ""email"": ""peering@ix.asn.au"", ""date_online"": ""April 2011"" }, { ""url"": ""https:\/\/www.pipenetworks.com\/index.php"", ""members_url"": ""http:\/\/www.pipenetworks.com\/Peering\/who-text.shtml#"", ""euro_affiliation"": ""non-affiliated"", ""euro_ix_id"": 328, ""address"": [ ""PipeIX Melbourne (Melbourne, VIC, Australia)"", ""55 Crockford Street"", ""Port Melbourne, Australia"" ], ""slug"": ""pipeix-melbourne-melbourne-vic-australia"", ""telephone"": ""61 7 3233 9832"", ""email"": ""sales@pipenetworks.com"" } ]",POINT (1144946.180797683 -4194245.7504148493),189,25900,Port Phillip,2,Victoria,AUS,Australia,20.6141
406,15123,"['55 King Street' 'Melbourne, VIC, Australia']",australia,melbourne-vic,55-king-street,"[ { ""contact_one"": ""Joe Wooller"", ""contact_one_email"": ""joe@waia.asn.au"", ""url"": ""https:\/\/www.ix.asn.au\/peering\/"", ""members_url"": ""https:\/\/www.waia.asn.au\/ix\/participants"", ""address"": [ ""VIC-IX (Melbourne, VIC, Australia)"", ""55 King Street"", ""Melbourne, Australia, 3000"" ], ""slug"": ""vic-ix-melbourne-vic-australia"", ""telephone"": ""61 8 9322 3022"", ""email"": ""peering@ix.asn.au"", ""date_online"": ""April 2011"" }, { ""url"": ""https:\/\/www.pipenetworks.com\/index.php"", ""members_url"": ""http:\/\/www.pipenetworks.com\/Peering\/who-text.shtml#"", ""euro_affiliation"": ""non-affiliated"", ""euro_ix_id"": 328, ""address"": [ ""PipeIX Melbourne (Melbourne, VIC, Australia)"", ""55 King Street"", ""Melbourne, Australia, 3000"" ], ""slug"": ""pipeix-melbourne-melbourne-vic-australia"", ""telephone"": ""61 7 3233 9832"", ""email"": ""sales@pipenetworks.com"" } ]",POINT (1145848.7823179385 -4192674.605951791),174,24600,Melbourne,2,Victoria,AUS,Australia,37.5452
408,16693,"['55 Pyrmont Bridge Road' 'Sydney, NSW, Australia']",australia,sydney-nsw,55-pyrmont-bridge-road,"[ { ""url"": ""http:\/\/www.pipenetworks.com\/pipeix.php"", ""members_url"": ""http:\/\/www.pipenetworks.com\/Peering\/who-text.shtml#"", ""euro_affiliation"": ""non-affiliated"", ""euro_ix_id"": 329, ""address"": [ ""PipeIX Sydney (Sydney, NSW, Australia)"", ""55 Pyrmont Bridge Road"", ""Sydney, Australia, 2009"" ], ""slug"": ""pipeix-sydney-sydney-nsw-australia"", ""telephone"": ""61 7 3233 9832"", ""email"": ""sales@pipenetworks.com"" }, { ""url"": ""https:\/\/www.megaport.com\/solutions\/mega-ix\/"", ""address"": [ ""MegaIX Sydney (Sydney, NSW, Australia)"", ""55 Pyrmont Bridge Road"", ""Sydney, Australia, 2009"" ], ""slug"": ""megaix-sydney-sydney-nsw-australia"", ""telephone"": ""61 730 885 933"", ""email"": ""sales@megaport.com"" } ]",POINT (1759569.5244396874 -3828902.9146317127),105,17200,Sydney,1,New South Wales,AUS,Australia,26.6762
418,18690,"['59 Doody Street' 'Alexandria, NSW, Australia']",australia,sydney-nsw,59-doody-street,"[ { ""url"": ""http:\/\/www.ix.asn.au"", ""address"": [ ""NSW-IX (Sydney, NSW, Australia)"", ""59 Doody Street"", ""Alexandria, Australia, 2015"" ], ""slug"": ""nsw-ix-sydney-nsw-australia"", ""email"": ""peering@ix.asn.au"" }, { ""url"": ""https:\/\/www.megaport.com\/solutions\/mega-ix\/"", ""address"": [ ""MegaIX Sydney (Sydney, NSW, Australia)"", ""59 Doody Street"", ""Alexandria, Australia, 2015"" ], ""slug"": ""megaix-sydney-sydney-nsw-australia"", ""telephone"": ""61 730 885 933"", ""email"": ""sales@megaport.com"" } ]",POINT (1758733.6459239563 -3833591.2261290895),105,17200,Sydney,1,New South Wales,AUS,Australia,26.6762
421,23069,"['6 Bellevue Circuit' 'Pemulwuy, NSW, Australia']",australia,sydney-nsw,6-bellevue-circuit,"[ { ""url"": ""https:\/\/www.megaport.com\/solutions\/mega-ix\/"", ""address"": [ ""MegaIX Sydney (Sydney, NSW, Australia)"", ""6 Bellevue Circuit"", ""Pemulwuy, Australia"" ], ""slug"": ""megaix-sydney-sydney-nsw-australia"", ""telephone"": ""61 730 885 933"", ""email"": ""sales@megaport.com"" } ]",POINT (1735591.8445653713 -3819590.4128127643),35,12380,Cumberland,1,New South Wales,AUS,Australia,72.7496
427,23275,"['6-8 Giffnock Avenue' 'Macquarie Park' 'Sydney, NSW, Australia']",australia,sydney-nsw,6-8-giffnock-avenue,"[ { ""url"": ""https:\/\/connectedix.com\/"", ""address"": [ ""CON-IX Sydney (Sydney, NSW, Australia)"", ""6-8 Giffnock Avenue"", ""Macquarie Park"", ""Sydney, Australia, 2113"" ], ""slug"": ""con-ix-sydney-sydney-nsw-australia"", ""telephone"": ""61 2 8319 9498"", ""email"": ""helpdesk@connectedix.com"" }, { ""url"": ""http:\/\/www.ix.asn.au"", ""address"": [ ""NSW-IX (Sydney, NSW, Australia)"", ""6-8 Giffnock Avenue"", ""Macquarie Park"", ""Sydney, Australia, 2113"" ], ""slug"": ""nsw-ix-sydney-nsw-australia"", ""email"": ""peering@ix.asn.au"" } ]",POINT (1754698.2209304178 -3818460.0946488837),97,16700,Ryde,1,New South Wales,AUS,Australia,40.4746
429,22630,"['60 Belair Rd' 'Hawthorn, SA, Australia']",australia,adelaide-sa,60-belair-rd,"[ { ""url"": ""https:\/\/www.edgeix.net\/"", ""address"": [ ""EdgeIX Adelaide (Adelaide, SA, Australia)"", ""60 Belair Rd"", ""Hawthorn, Australia"" ], ""slug"": ""edgeix-adelaide-adelaide-sa-australia"", ""telephone"": ""61 2 9006 9626"", ""email"": ""peering@edgeix.net"" }, { ""url"": ""https:\/\/www.ix.asn.au\/peering\/"", ""address"": [ ""SA-IX (Adelaide, SA, Australia)"", ""60 Belair Rd"", ""Hawthorn, Australia"" ], ""slug"": ""sa-ix-adelaide-sa-australia"", ""email"": ""peering@ix.asn.au"", ""date_online"": ""1998"" }, { ""url"": ""https:\/\/www.megaport.com\/solutions\/mega-ix\/"", ""address"": [ ""MegaIX Adelaide (Adelaide, SA, Australia)"", ""60 Belair Rd"", ""Hawthorn, Australia"" ], ""slug"": ""megaix-adelaide-adelaide-sa-australia"", ""telephone"": ""61 730 885 933"", ""email"": ""sales@megaport.com"" } ]",POINT (598298.5908464107 -3834005.506190295),326,44340,Mitcham,4,South Australia,AUS,Australia,75.5468
431,19490,"['600 Lorimer Street' 'Port Melbourne, VIC, Australia']",australia,melbourne-vic,600-lorimer-street,"[ { ""contact_one"": ""Joe Wooller"", ""contact_one_email"": ""joe@waia.asn.au"", ""url"": ""https:\/\/www.ix.asn.au\/peering\/"", ""members_url"": ""https:\/\/www.waia.asn.au\/ix\/participants"", ""address"": [ ""VIC-IX (Melbourne, VIC, Australia)"", ""600 Lorimer Street"", ""Port Melbourne, Australia"" ], ""slug"": ""vic-ix-melbourne-vic-australia"", ""telephone"": ""61 8 9322 3022"", ""email"": ""peering@ix.asn.au"", ""date_online"": ""April 2011"" }, { ""url"": ""https:\/\/connectedix.com\/"", ""address"": [ ""CON-IX Melbourne (Melbourne, VIC, Australia)"", ""600 Lorimer Street"", ""Port Melbourne, Australia"" ], ""slug"": ""con-ix-melbourne-melbourne-vic-australia"", ""telephone"": ""61 2 8319 9498"", ""email"": ""helpdesk@connectedix.com"" } ]",POINT (1142225.522610037 -4192560.705768417),174,24600,Melbourne,2,Victoria,AUS,Australia,37.5452
445,8610,"['639 Gardeners Road' 'Mascot, NSW, Australia']",australia,sydney-nsw,639-gardeners-road,"[ { ""contact_one_email"": ""sales@equinix.com"", ""url"": ""https:\/\/ix.equinix.com"", ""euro_affiliation"": ""non-affiliated"", ""euro_ix_id"": 179, ""address"": [ ""EQIX-SY (Sydney, NSW, Australia)"", ""639 Gardeners Road"", ""Mascot, Australia, 2020"" ], ""slug"": ""eqix-sy-sydney-nsw-australia"", ""telephone"": ""65 6723 8833"", ""email"": ""support@equinix.com"", ""date_online"": ""June 2001"" }, { ""url"": ""http:\/\/www.ix.asn.au"", ""address"": [ ""NSW-IX (Sydney, NSW, Australia)"", ""639 Gardeners Road"", ""Mascot, Australia, 2020"" ], ""slug"": ""nsw-ix-sydney-nsw-australia"", ""email"": ""peering@ix.asn.au"" }, { ""url"": ""https:\/\/www.megaport.com\/solutions\/mega-ix\/"", ""address"": [ ""MegaIX Sydney (Sydney, NSW, Australia)"", ""639 Gardeners Road"", ""Mascot, Australia, 2020"" ], ""slug"": ""megaix-sydney-sydney-nsw-australia"", ""telephone"": ""61 730 885 933"", ""email"": ""sales@megaport.com"" }, { ""url"": ""https:\/\/connectedix.com\/"", ""address"": [ ""CON-IX Sydney (Sydney, NSW, Australia)"", ""639 Gardeners Road"", ""Mascot, Australia, 2020"" ], ""slug"": ""con-ix-sydney-sydney-nsw-australia"", ""telephone"": ""61 2 8319 9498"", ""email"": ""helpdesk@connectedix.com"" }, { ""url"": ""https:\/\/www.edgeix.net\/"", ""address"": [ ""EdgeIX Sydney (Sydney, NSW, Australia)"", ""639 Gardeners Road"", ""Mascot, Australia, 2020"" ], ""slug"": ""edgeix-sydney-sydney-nsw-australia"", ""telephone"": ""61 2 9006 9626"", ""email"": ""peering@edgeix.net"" }, { ""url"": ""http:\/\/www.pipenetworks.com\/pipeix.php"", ""members_url"": ""http:\/\/www.pipenetworks.com\/Peering\/who-text.shtml#"", ""euro_affiliation"": ""non-affiliated"", ""euro_ix_id"": 329, ""address"": [ ""PipeIX Sydney (Sydney, NSW, Australia)"", ""639 Gardeners Road"", ""Mascot, Australia, 2020"" ], ""slug"": ""pipeix-sydney-sydney-nsw-australia"", ""telephone"": ""61 7 3233 9832"", ""email"": ""sales@pipenetworks.com"" } ]",POINT (1758184.652491827 -3834257.849177766),5,10500,Bayside (NSW),1,New South Wales,AUS,Australia,50.6204
461,20543,"['7 Murchinson Terrace' 'East Perth' 'Perth, WA, Australia']",australia,perth-wa,7-murchinson-terrace,"[ { ""url"": ""https:\/\/www.ix.asn.au\/peering\/"", ""members_url"": ""https:\/\/www.waia.asn.au\/ix\/participants"", ""euro_affiliation"": ""non-affiliated"", ""euro_ix_id"": 108, ""address"": [ ""WA-IX (Perth, WA, Australia)"", ""7 Murchinson Terrace"", ""East Perth"", ""Perth, Australia"" ], ""slug"": ""wa-ix-perth-wa-australia"", ""telephone"": ""61 8 9322 3022"", ""email"": ""peering@ix.asn.au"", ""date_online"": ""1997"" } ]",POINT (-1507124.634349578 -3576664.8833882185),488,58570,Vincent,5,Western Australia,AUS,Australia,11.3771
482,22701,"['75 Sharps Rd' 'Tullamarine' 'Melbourne, VIC, Australia']",australia,melbourne-vic,75-sharps-rd,"[ { ""url"": ""https:\/\/www.megaport.com\/solutions\/mega-ix\/"", ""address"": [ ""MegaIX Melbourne (Melbourne, VIC, Australia)"", ""75 Sharps Rd"", ""Tullamarine"", ""Melbourne, Australia"" ], ""slug"": ""megaix-melbourne-melbourne-vic-australia"", ""telephone"": ""61 730 885 933"", ""email"": ""sales@megaport.com"" } ]",POINT (1139743.9320523094 -4179728.615915851),140,21180,Brimbank,2,Victoria,AUS,Australia,123.3991
505,18887,"['826 Lorimer St' 'Port Melbourne' 'Melbourne, VIC, Australia']",australia,melbourne-vic,826-lorimer-st,"[ { ""contact_one"": ""Joe Wooller"", ""contact_one_email"": ""joe@waia.asn.au"", ""url"": ""https:\/\/www.ix.asn.au\/peering\/"", ""members_url"": ""https:\/\/www.waia.asn.au\/ix\/participants"", ""address"": [ ""VIC-IX (Melbourne, VIC, Australia)"", ""826 Lorimer St"", ""Port Melbourne"", ""Melbourne, Australia"" ], ""slug"": ""vic-ix-melbourne-vic-australia"", ""telephone"": ""61 8 9322 3022"", ""email"": ""peering@ix.asn.au"", ""date_online"": ""April 2011"" }, { ""url"": ""https:\/\/www.edgeix.net\/"", ""address"": [ ""EdgeIX Melbourne (Melbourne, VIC, Australia)"", ""826 Lorimer St"", ""Port Melbourne"", ""Melbourne, Australia"" ], ""slug"": ""edgeix-melbourne-melbourne-vic-australia"", ""telephone"": ""61 2 9006 9626"", ""email"": ""peering@edgeix.net"" }, { ""url"": ""https:\/\/www.megaport.com\/solutions\/mega-ix\/"", ""address"": [ ""MegaIX Melbourne (Melbourne, VIC, Australia)"", ""826 Lorimer St"", ""Port Melbourne"", ""Melbourne, Australia"" ], ""slug"": ""megaix-melbourne-melbourne-vic-australia"", ""telephone"": ""61 730 885 933"", ""email"": ""sales@megaport.com"" } ]",POINT (1143676.1449462054 -4192768.9434065786),174,24600,Melbourne,2,Victoria,AUS,Australia,37.5452
572,19679,"['<address not available>' 'Melbourne, VIC, Australia']",australia,melbourne-vic,address-not-available,"[ { ""url"": ""https:\/\/connectedix.com\/"", ""address"": [ ""CON-IX Melbourne (Melbourne, VIC, Australia)"", ""<address not available>"", ""Melbourne, Australia"" ], ""slug"": ""con-ix-melbourne-melbourne-vic-australia"", ""telephone"": ""61 2 8319 9498"", ""email"": ""helpdesk@connectedix.com"" } ]",POINT (1146479.270308647 -4192176.5768951573),174,24600,Melbourne,2,Victoria,AUS,Australia,37.5452
618,20542,"['Adam DC' '19 London Rd' 'Mile End South' 'Adelaide, SA, Australia']",australia,adelaide-sa,adam-dc,"[ { ""url"": ""https:\/\/www.ix.asn.au\/peering\/"", ""address"": [ ""SA-IX (Adelaide, SA, Australia)"", ""19 London Rd"", ""Mile End South"", ""Adelaide, Australia"" ], ""slug"": ""sa-ix-adelaide-sa-australia"", ""email"": ""peering@ix.asn.au"", ""date_online"": ""1998"" } ]",POINT (598571.5690994872 -3830486.421976939),358,48410,West Torrens,4,South Australia,AUS,Australia,37.0886
624,22156,"['AirTrunk Sydney' '35 Huntingwood Drive' 'Sydney, NSW, Australia']",australia,sydney-nsw,airtrunk-sydney,"[ { ""url"": ""https:\/\/www.megaport.com\/solutions\/mega-ix\/"", ""address"": [ ""MegaIX Sydney (Sydney, NSW, Australia)"", ""35 Huntingwood Drive"", ""Sydney, Australia"" ], ""slug"": ""megaix-sydney-sydney-nsw-australia"", ""telephone"": ""61 730 885 933"", ""email"": ""sales@megaport.com"" } ]",POINT (1732107.766539254 -3816577.246658028),9,10750,Blacktown,1,New South Wales,AUS,Australia,238.8471
871,21405,"['Colocity DC3' '172 Morphett Street' 'Adelaide, SA, Australia']",australia,adelaide-sa,colocity-dc3,"[ { ""url"": ""https:\/\/www.ix.asn.au\/peering\/"", ""address"": [ ""SA-IX (Adelaide, SA, Australia)"", ""172 Morphett Street"", ""Adelaide, Australia"" ], ""slug"": ""sa-ix-adelaide-sa-australia"", ""email"": ""peering@ix.asn.au"", ""date_online"": ""1998"" }, { ""url"": ""https:\/\/www.edgeix.net\/"", ""address"": [ ""EdgeIX Adelaide (Adelaide, SA, Australia)"", ""172 Morphett Street"", ""Adelaide, Australia"" ], ""slug"": ""edgeix-adelaide-adelaide-sa-australia"", ""telephone"": ""61 2 9006 9626"", ""email"": ""peering@edgeix.net"" }, { ""url"": ""https:\/\/www.megaport.com\/solutions\/mega-ix\/"", ""address"": [ ""MegaIX Adelaide (Adelaide, SA, Australia)"", ""172 Morphett Street"", ""Adelaide, Australia"" ], ""slug"": ""megaix-adelaide-adelaide-sa-australia"", ""telephone"": ""61 730 885 933"", ""email"": ""sales@megaport.com"" } ]",POINT (600429.0693699351 -3829442.770156241),293,40070,Adelaide,4,South Australia,AUS,Australia,15.5733
922,22629,"['DC1 Edinburgh Parks' '23  27 Woomera Ave' 'Edinburgh, SA, Australia']",australia,adelaide-sa,dc1-edinburgh-parks,"[ { ""url"": ""https:\/\/www.edgeix.net\/"", ""address"": [ ""EdgeIX Adelaide (Adelaide, SA, Australia)"", ""23  27 Woomera Ave"", ""Edinburgh, Australia, 5111"" ], ""slug"": ""edgeix-adelaide-adelaide-sa-australia"", ""telephone"": ""61 2 9006 9626"", ""email"": ""peering@edgeix.net"" }, { ""url"": ""https:\/\/www.megaport.com\/solutions\/mega-ix\/"", ""address"": [ ""MegaIX Adelaide (Adelaide, SA, Australia)"", ""23  27 Woomera Ave"", ""Edinburgh, Australia, 5111"" ], ""slug"": ""megaix-adelaide-adelaide-sa-australia"", ""telephone"": ""61 730 885 933"", ""email"": ""sales@megaport.com"" } ]",POINT (605860.244442292 -3808986.7278755987),346,47140,Salisbury,4,South Australia,AUS,Australia,159.8432
925,19064,"['Deer Park' '72 Radnor Drive' 'Melbourne, VIC, Australia']",australia,melbourne-vic,deer-park,"[ { ""url"": ""https:\/\/www.megaport.com\/solutions\/mega-ix\/"", ""address"": [ ""MegaIX Melbourne (Melbourne, VIC, Australia)"", ""72 Radnor Drive"", ""Melbourne, Australia, 3023"" ], ""slug"": ""megaix-melbourne-melbourne-vic-australia"", ""telephone"": ""61 730 885 933"", ""email"": ""sales@megaport.com"" } ]",POINT (1129994.6152092095 -4187164.027144242),140,21180,Brimbank,2,Victoria,AUS,Australia,123.3991
1012,22990,"['Equinix ME2' '578 Lorimer Street' 'Port Melbourne, VIC, Australia']",australia,melbourne-vic,equinix-me2,"[ { ""contact_one"": ""Joe Wooller"", ""contact_one_email"": ""joe@waia.asn.au"", ""url"": ""https:\/\/www.ix.asn.au\/peering\/"", ""members_url"": ""https:\/\/www.waia.asn.au\/ix\/participants"", ""address"": [ ""VIC-IX (Melbourne, VIC, Australia)"", ""578 Lorimer Street"", ""Port Melbourne, Australia"" ], ""slug"": ""vic-ix-melbourne-vic-australia"", ""telephone"": ""61 8 9322 3022"", ""email"": ""peering@ix.asn.au"", ""date_online"": ""April 2011"" }, { ""contact_one_email"": ""sales@equinix.com"", ""url"": ""https:\/\/ix.equinix.com"", ""address"": [ ""EQIX-MEL (Melbourne, VIC, Australia)"", ""578 Lorimer Street"", ""Port Melbourne, Australia"" ], ""slug"": ""eqix-mel-melbourne-vic-australia"", ""telephone"": ""65 6723 8833"", ""email"": ""support@equinix.com"", ""date_online"": ""June 2001"" }, { ""url"": ""https:\/\/connectedix.com\/"", ""address"": [ ""CON-IX Melbourne (Melbourne, VIC, Australia)"", ""578 Lorimer Street"", ""Port Melbourne, Australia"" ], ""slug"": ""con-ix-melbourne-melbourne-vic-australia"", ""telephone"": ""61 2 8319 9498"", ""email"": ""helpdesk@connectedix.com"" }, { ""url"": ""https:\/\/www.edgeix.net\/"", ""address"": [ ""EdgeIX Melbourne (Melbourne, VIC, Australia)"", ""578 Lorimer Street"", ""Port Melbourne, Australia"" ], ""slug"": ""edgeix-melbourne-melbourne-vic-australia"", ""telephone"": ""61 2 9006 9626"", ""email"": ""peering@edgeix.net"" }, { ""url"": ""https:\/\/www.megaport.com\/solutions\/mega-ix\/"", ""address"": [ ""MegaIX Melbourne (Melbourne, VIC, Australia)"", ""578 Lorimer Street"", ""Port Melbourne, Australia"" ], ""slug"": ""megaix-melbourne-melbourne-vic-australia"", ""telephone"": ""61 730 885 933"", ""email"": ""sales@megaport.com"" } ]",POINT (1141965.734440379 -4192705.2440121616),174,24600,Melbourne,2,Victoria,AUS,Australia,37.5452
1026,18523,"['Equinix PE1' '37 Lemnos St' 'Shenton Park' 'Perth, WA, Australia']",australia,perth-wa,equinix-pe1,"[ { ""url"": ""https:\/\/www.ix.asn.au\/peering\/"", ""members_url"": ""https:\/\/www.waia.asn.au\/ix\/participants"", ""euro_affiliation"": ""non-affiliated"", ""euro_ix_id"": 108, ""address"": [ ""WA-IX (Perth, WA, Australia)"", ""37 Lemnos St"", ""Shenton Park"", ""Perth, Australia"" ], ""slug"": ""wa-ix-perth-wa-australia"", ""telephone"": ""61 8 9322 3022"", ""email"": ""peering@ix.asn.au"", ""date_online"": ""1997"" }, { ""url"": ""https:\/\/www.megaport.com\/solutions\/mega-ix\/"", ""address"": [ ""MegaIX Perth (Perth, WA, Australia)"", ""37 Lemnos St"", ""Shenton Park"", ""Perth, Australia"" ], ""slug"": ""megaix-perth-perth-wa-australia"", ""telephone"": ""61 730 885 933"", ""email"": ""sales@megaport.com"" }, { ""contact_one_email"": ""sales@equinix.com"", ""url"": ""https:\/\/ix.equinix.com"", ""address"": [ ""EQIX-PE (Perth, WA, Australia)"", ""37 Lemnos St"", ""Shenton Park"", ""Perth, Australia"" ], ""slug"": ""eqix-pe-perth-wa-australia"", ""telephone"": ""41 43 508 10 38"", ""email"": ""support@equinix.com"", ""date_online"": ""May 2001"" }, { ""url"": ""https:\/\/www.edgeix.net\/"", ""address"": [ ""EdgeIX Perth (Perth, WA, Australia)"", ""37 Lemnos St"", ""Shenton Park"", ""Perth, Australia"" ], ""slug"": ""edgeix-perth-perth-wa-australia"", ""telephone"": ""61 2 9006 9626"", ""email"": ""peering@edgeix.net"" } ]",POINT (-1514016.5947942205 -3578426.1052262164),460,56580,Nedlands,5,Western Australia,AUS,Australia,19.6449
1042,20782,"['Equinix SY4 & SY5' '200 Bourke Road' 'Alexandria, NSW, Australia']",australia,sydney-nsw,equinix-sy4-sy5,"[ { ""contact_one_email"": ""sales@equinix.com"", ""url"": ""https:\/\/ix.equinix.com"", ""euro_affiliation"": ""non-affiliated"", ""euro_ix_id"": 179, ""address"": [ ""EQIX-SY (Sydney, NSW, Australia)"", ""200 Bourke Road"", ""Alexandria, Australia"" ], ""slug"": ""eqix-sy-sydney-nsw-australia"", ""telephone"": ""65 6723 8833"", ""email"": ""support@equinix.com"", ""date_online"": ""June 2001"" }, { ""url"": ""http:\/\/www.ix.asn.au"", ""address"": [ ""NSW-IX (Sydney, NSW, Australia)"", ""200 Bourke Road"", ""Alexandria, Australia"" ], ""slug"": ""nsw-ix-sydney-nsw-australia"", ""email"": ""peering@ix.asn.au"" }, { ""url"": ""https:\/\/www.megaport.com\/solutions\/mega-ix\/"", ""address"": [ ""MegaIX Sydney (Sydney, NSW, Australia)"", ""200 Bourke Road"", ""Alexandria, Australia"" ], ""slug"": ""megaix-sydney-sydney-nsw-australia"", ""telephone"": ""61 730 885 933"", ""email"": ""sales@megaport.com"" }, { ""url"": ""https:\/\/connectedix.com\/"", ""address"": [ ""CON-IX Sydney (Sydney, NSW, Australia)"", ""200 Bourke Road"", ""Alexandria, Australia"" ], ""slug"": ""con-ix-sydney-sydney-nsw-australia"", ""telephone"": ""61 2 8319 9498"", ""email"": ""helpdesk@connectedix.com"" }, { ""url"": ""https:\/\/www.edgeix.net\/"", ""address"": [ ""EdgeIX Sydney (Sydney, NSW, Australia)"", ""200 Bourke Road"", ""Alexandria, Australia"" ], ""slug"": ""edgeix-sydney-sydney-nsw-australia"", ""telephone"": ""61 2 9006 9626"", ""email"": ""peering@edgeix.net"" } ]",POINT (1758337.9491001398 -3833922.8862957726),105,17200,Sydney,1,New South Wales,AUS,Australia,26.6762
1043,19884,"['Equinix SY6' '8-14 Egerton Street' 'Silverwater'
 'Sydney, NSW, Australia']",australia,sydney-nsw,equinix-sy6,"[ { ""url"": ""https:\/\/www.megaport.com\/solutions\/mega-ix\/"", ""address"": [ ""MegaIX Sydney (Sydney, NSW, Australia)"", ""8-14 Egerton Street"", ""Silverwater"", ""Sydney, Australia"" ], ""slug"": ""megaix-sydney-sydney-nsw-australia"", ""telephone"": ""61 730 885 933"", ""email"": ""sales@megaport.com"" } ]",POINT (1747317.7108477908 -3823065.2287610536),90,16260,Parramatta,1,New South Wales,AUS,Australia,83.8303
1092,23071,"['Fujitsu Australia' 'Brisbane Technology Park'
 'Eight Mile Plains, QLD, Australia']",australia,brisbane-qld,fujitsu-australia,"[ { ""url"": ""https:\/\/www.megaport.com\/solutions\/mega-ix\/"", ""address"": [ ""MegaIX Brisbane (Brisbane, QLD, Australia)"", ""Brisbane Technology Park"", ""Eight Mile Plains, Australia"" ], ""slug"": ""megaix-brisbane-brisbane-qld-australia"", ""telephone"": ""61 730 885 933"", ""email"": ""sales@megaport.com"" } ]",POINT (2048294.1295242938 -3161660.7710221377),220,31000,Brisbane,3,Queensland,AUS,Australia,1342.7173
1093,22702,"['Fujitsu DC Perth' '16 Mulgul Rd' 'Malaga, WA, Australia']",australia,perth-wa,fujitsu-dc-perth,"[ { ""url"": ""https:\/\/www.megaport.com\/solutions\/mega-ix\/"", ""address"": [ ""MegaIX Perth (Perth, WA, Australia)"", ""16 Mulgul Rd"", ""Malaga, Australia"" ], ""slug"": ""megaix-perth-perth-wa-australia"", ""telephone"": ""61 730 885 933"", ""email"": ""sales@megaport.com"" } ]",POINT (-1506196.10700084 -3566675.4675079007),480,58050,Swan,5,Western Australia,AUS,Australia,1042.9936
1094,22700,"['Fujitsu Noble Park' '5 Summit Rd' 'Noble Park North'
 'Melbourne, VIC, Australia']",australia,melbourne-vic,fujitsu-noble-park,"[ { ""url"": ""https:\/\/www.megaport.com\/solutions\/mega-ix\/"", ""address"": [ ""MegaIX Melbourne (Melbourne, VIC, Australia)"", ""5 Summit Rd"", ""Noble Park North"", ""Melbourne, Australia"" ], ""slug"": ""megaix-melbourne-melbourne-vic-australia"", ""telephone"": ""61 730 885 933"", ""email"": ""sales@megaport.com"" } ]",POINT (1164299.0523355051 -4208873.839716743),156,22670,Greater Dandenong,2,Victoria,AUS,Australia,129.5466
1115,16733,"['Global Switch Sydney' '400 Harris Street' 'Ultimo, NSW, Australia']",australia,sydney-nsw,global-switch-sydney,"[ { ""url"": ""http:\/\/www.ix.asn.au"", ""address"": [ ""NSW-IX (Sydney, NSW, Australia)"", ""400 Harris Street"", ""Ultimo, Australia, 2007"" ], ""slug"": ""nsw-ix-sydney-nsw-australia"", ""email"": ""peering@ix.asn.au"" }, { ""url"": ""https:\/\/www.megaport.com\/solutions\/mega-ix\/"", ""address"": [ ""MegaIX Sydney (Sydney, NSW, Australia)"", ""400 Harris Street"", ""Ultimo, Australia, 2007"" ], ""slug"": ""megaix-sydney-sydney-nsw-australia"", ""telephone"": ""61 730 885 933"", ""email"": ""sales@megaport.com"" }, { ""url"": ""https:\/\/www.edgeix.net\/"", ""address"": [ ""EdgeIX Sydney (Sydney, NSW, Australia)"", ""400 Harris Street"", ""Ultimo, Australia, 2007"" ], ""slug"": ""edgeix-sydney-sydney-nsw-australia"", ""telephone"": ""61 2 9006 9626"", ""email"": ""peering@edgeix.net"" }, { ""url"": ""http:\/\/www.pipenetworks.com\/pipeix.php"", ""members_url"": ""http:\/\/www.pipenetworks.com\/Peering\/who-text.shtml#"", ""euro_affiliation"": ""non-affiliated"", ""euro_ix_id"": 329, ""address"": [ ""PipeIX Sydney (Sydney, NSW, Australia)"", ""400 Harris Street"", ""Ultimo, Australia, 2007"" ], ""slug"": ""pipeix-sydney-sydney-nsw-australia"", ""telephone"": ""61 7 3233 9832"", ""email"": ""sales@pipenetworks.com"" } ]",POINT (1759777.5297989668 -3829322.7110540103),105,17200,Sydney,1,New South Wales,AUS,Australia,26.6762
1171,23416,"['Hobart NBN POI' 'Bathurst St' 'Hobart, TAS, Australia']",australia,hobart-tas,hobart-nbn-poi,"[ { ""url"": ""https:\/\/www.edgeix.net\/"", ""address"": [ ""EdgeIX Hobart (Hobart, TAS, Australia)"", ""Bathurst St"", ""Hobart, Australia"" ], ""slug"": ""edgeix-hobart-hobart-tas-australia"", ""telephone"": ""61 2 9006 9626"", ""email"": ""peering@edgeix.net"" }, { ""url"": ""https:\/\/internet.asn.au\/services\/peering\/"", ""address"": [ ""TAS-IX (Hobart, TAS, Australia)"", ""Bathurst St"", ""Hobart, Australia"" ], ""slug"": ""tas-ix-hobart-tas-australia"", ""email"": ""peering@ix.asn.au"" } ]",POINT (1287719.3249961364 -4764485.173363709),521,62810,Hobart,6,Tasmania,AUS,Australia,77.8965
1308,20074,"['Lathe Pl' 'Unanderra, NSW, Australia']",australia,sydney-nsw,lathe-pl,"[ { ""url"": ""https:\/\/www.megaport.com\/solutions\/mega-ix\/"", ""address"": [ ""MegaIX Sydney (Sydney, NSW, Australia)"", ""Lathe Pl"", ""Unanderra, Australia, 2526"" ], ""slug"": ""megaix-sydney-sydney-nsw-australia"", ""telephone"": ""61 730 885 933"", ""email"": ""sales@megaport.com"" } ]",POINT (1719259.7615792209 -3889487.8255401864),125,18450,Wollongong,1,New South Wales,AUS,Australia,684.3076
1358,22417,"['Melbourne Data Centre' '530 Collins St' 'Melbourne, VIC, Australia']",australia,melbourne-vic,melbourne-data-centre,"[ { ""url"": ""https:\/\/www.megaport.com\/solutions\/mega-ix\/"", ""address"": [ ""MegaIX Melbourne (Melbourne, VIC, Australia)"", ""530 Collins St"", ""Melbourne, Australia, 3000"" ], ""slug"": ""megaix-melbourne-melbourne-vic-australia"", ""telephone"": ""61 730 885 933"", ""email"": ""sales@megaport.com"" } ]",POINT (1145676.9416206344 -4192492.4096188406),174,24600,Melbourne,2,Victoria,AUS,Australia,37.5452
1470,23976,"['Pipe Street (Lot 1)' 'Wellcamp, QLD, Australia']",australia,toowoomba-qld,pipe-street-lot-1,"[ { ""url"": ""https:\/\/www.megaport.com\/solutions\/mega-ix\/"", ""address"": [ ""MegaIX Brisbane (Toowoomba, QLD, Australia)"", ""Pipe Street (Lot 1)"", ""Wellcamp, Australia, 4350"" ], ""slug"": ""megaix-brisbane-toowoomba-qld-australia"", ""telephone"": ""61 730 885 933"", ""email"": ""sales@megaport.com"" } ]",POINT (1928068.4461923435 -3137190.4437506623),280,36910,Toowoomba,3,Queensland,AUS,Australia,12957.2103
1515,8007,"['QV.1 Building' '250 St. Georges Terrace' 'Perth, WA, Australia']",australia,perth-wa,qv-1-building,"[ { ""url"": ""https:\/\/www.ix.asn.au\/peering\/"", ""members_url"": ""https:\/\/www.waia.asn.au\/ix\/participants"", ""euro_affiliation"": ""non-affiliated"", ""euro_ix_id"": 108, ""address"": [ ""WA-IX (Perth, WA, Australia)"", ""250 St. Georges Terrace"", ""Perth, Australia, 6000"" ], ""slug"": ""wa-ix-perth-wa-australia"", ""telephone"": ""61 8 9322 3022"", ""email"": ""peering@ix.asn.au"", ""date_online"": ""1997"" } ]",POINT (-1509034.6343604724 -3577491.0024591335),467,57080,Perth,5,Western Australia,AUS,Australia,13.7335
1887,21409,"['YourDC Edinburgh Parks' '23-27 Woomera Ave' 'Edinburgh, SA, Australia']",australia,adelaide-sa,yourdc-edinburgh-parks,"[ { ""url"": ""https:\/\/www.ix.asn.au\/peering\/"", ""address"": [ ""SA-IX (Adelaide, SA, Australia)"", ""23-27 Woomera Ave"", ""Edinburgh, Australia"" ], ""slug"": ""sa-ix-adelaide-sa-australia"", ""email"": ""peering@ix.asn.au"", ""date_online"": ""1998"" } ]",POINT (606053.0856110582 -3809003.842483548),346,47140,Salisbury,4,South Australia,AUS,Australia,159.8432
