OBJECTID,FEATURETYPE,DESCRIPTION,CLASS,NAME,OPERATIONALSTATUS,GENERATIONTYPE,PRIMARYFUELTYPE,GENERATIONMW,GENERATORNUMBER,LOCALITY,STATE,SPATIALCONFIDENCE,X_COORDINATE,Y_COORDINATE
1,Power Station,A facility used for the generation of electrical power for distribution,Renewable,Repulse,Operational,Hydroelectric - Gravity,Water,28,1,Ouse,Tasmania,5,146.646965,-42.507682
2,Power Station,A facility used for the generation of electrical power for distribution,Renewable,Gordon,Operational,Hydroelectric - Gravity,Water,432,3,Southwest,Tasmania,5,145.9828373,-42.7405051
3,Power Station,A facility used for the generation of electrical power for distribution,Renewable,John Butters,Operational,Hydroelectric - Gravity,Water,144,1,Queenstown,Tasmania,4,145.5344821,-42.1548215
4,Power Station,A facility used for the generation of electrical power for distribution,Renewable,Tribute,Operational,Hydroelectric - Gravity,Water,82.8,1,West Coast,Tasmania,2,145.6538253,-41.8128572
5,Power Station,A facility used for the generation of electrical power for distribution,Renewable,Bastyan,Operational,Hydroelectric - Gravity,Water,79.9,1,Tullah,Tasmania,5,145.5321174,-41.7359699
6,Power Station,A facility used for the generation of electrical power for distribution,Renewable,Reece,Operational,Hydroelectric - Gravity,Water,238,2,West Coast,Tasmania,5,145.1359538,-41.7237565
7,Power Station,A facility used for the generation of electrical power for distribution,Renewable,Mackintosh,Operational,Hydroelectric - Gravity,Water,79.9,1,Tullah,Tasmania,5,145.6461239,-41.6997366
8,Power Station,A facility used for the generation of electrical power for distribution,Renewable,Cethana,Operational,Hydroelectric - Gravity,Water,85,1,Cethana,Tasmania,4,146.1349143,-41.4787249
9,Power Station,A facility used for the generation of electrical power for distribution,Renewable,Wilmot,Operational,Hydroelectric - Gravity,Water,81.6,1,Cethana,Tasmania,5,146.1250783,-41.4832989
10,Power Station,A facility used for the generation of electrical power for distribution,Renewable,Devils Gate,Operational,Hydroelectric - Gravity,Water,60,1,Barrington,Tasmania,5,146.2631723,-41.350454
11,Power Station,A facility used for the generation of electrical power for distribution,Renewable,Paloona,Operational,Hydroelectric - Gravity,Water,28,1,Paloona,Tasmania,5,146.2489694,-41.282603
12,Power Station,A facility used for the generation of electrical power for distribution,Non Renewable,Bell Bay (Bell Bay Three),Operational,Open Cycle Gas Turbine,Natural Gas,115,3,Bell Bay,Tasmania,5,146.9030027,-41.1428834
13,Power Station,A facility used for the generation of electrical power for distribution,Renewable,Trevallyn,Operational,Hydroelectric - Gravity,Water,80,4,Trevallyn,Tasmania,5,147.1118772,-41.42262
14,Power Station,A facility used for the generation of electrical power for distribution,Renewable,Poatina,Operational,Hydroelectric - Gravity,Water,100,6,Poatina,Tasmania,4,146.9191729,-41.8114714
15,Power Station,A facility used for the generation of electrical power for distribution,Renewable,Lake Echo,Operational,Hydroelectric - Gravity,Water,32.4,1,Dee,Tasmania,5,146.6207044,-42.2536892
16,Power Station,A facility used for the generation of electrical power for distribution,Renewable,Codrington Wind Farm,Operational,Wind Turbine,Wind,18.2,14,Codrington,Victoria,3,141.9547351,-38.2835029
17,Power Station,A facility used for the generation of electrical power for distribution,Renewable,Yambuk Wind Farm,Operational,Wind Turbine,Wind,30,20,Yambuk,Victoria,3,142.0151374,-38.3079251
18,Power Station,A facility used for the generation of electrical power for distribution,Renewable,Macarthur Wind Farm,Operational,Wind Turbine,Wind,420,140,Gerrigerrup,Victoria,5,142.1864846,-38.0064337
19,Power Station,A facility used for the generation of electrical power for distribution,Non Renewable,Mortlake,Operational,Open Cycle Gas Turbine,Natural Gas,566,2,Mortlake,Victoria,5,142.6674852,-38.063156
20,Power Station,A facility used for the generation of electrical power for distribution,Renewable,Mt Mercer Wind Farm,Operational,Wind Turbine,Wind,131,0,Mount Mercer,Victoria,3,143.8891999,-37.8316866
21,Power Station,A facility used for the generation of electrical power for distribution,Renewable,Waubra Wind Farm,Operational,Wind Turbine,Wind,192,128,Waubra,Victoria,2,143.6037364,-37.3574489
22,Power Station,A facility used for the generation of electrical power for distribution,Renewable,Challicum Hills Wind Farm,Operational,Wind Turbine,Wind,52.5,35,Ballyrogan,Victoria,5,143.1139774,-37.3897757
23,Power Station,A facility used for the generation of electrical power for distribution,Renewable,Shepparton Biogas Generation Plant,Operational,Spark Ignition Reciprocating Engine,Biogas,1.1,0,Shepparton North,Victoria,4,145.3789894,-36.321762
24,Power Station,A facility used for the generation of electrical power for distribution,Renewable,Dartmouth (Mount Beauty Hydro Scheme),Operational,Hydroelectric - Gravity,Water,150,1,Dartmouth,Victoria,4,147.5205856,-36.5564164
25,Power Station,A facility used for the generation of electrical power for distribution,Renewable,Banimboola,Operational,Hydroelectric - Gravity,Water,12.9,2,Mitta Mitta,Victoria,2,147.4593838,-36.5343838
26,Power Station,A facility used for the generation of electrical power for distribution,Renewable,Lake William Hovell,Operational,Hydroelectric - Gravity,Water,2,1,Cheshunt South,Victoria,4,146.3921118,-36.9129238
27,Power Station,A facility used for the generation of electrical power for distribution,Renewable,Eildon,Operational,Hydroelectric - Gravity,Water,120,4,Eildon,Victoria,5,145.9214582,-37.2219922
28,Power Station,A facility used for the generation of electrical power for distribution,Non Renewable,Laverton North,Operational,Open Cycle Gas Turbine,Natural Gas,312,2,Laverton North,Victoria,5,144.788717,-37.8415668
29,Power Station,A facility used for the generation of electrical power for distribution,Non Renewable,Newport,Operational,Steam Subcritical,Natural Gas,500,1,Newport,Victoria,5,144.8942029,-37.8414488
30,Power Station,A facility used for the generation of electrical power for distribution,Renewable,Claytons,Operational,Spark Ignition Reciprocating Engine,Biogas,11,11,Clayton South,Victoria,5,145.1187279,-37.9501868
31,Power Station,A facility used for the generation of electrical power for distribution,Renewable,Springvale,Operational,Spark Ignition Reciprocating Engine,Biogas,4.2,6,Springvale South,Victoria,4,145.1396409,-37.9732839
32,Power Station,A facility used for the generation of electrical power for distribution,Renewable,Hallam Road,Operational,Spark Ignition Reciprocating Engine,Biogas,9,2,Hampton Park,Victoria,4,145.2699555,-38.0534396
33,Power Station,A facility used for the generation of electrical power for distribution,Non Renewable,Yallourn,Operational,Steam Subcritical,Coal,1480,4,Yallourn,Victoria,5,146.3427887,-38.1770019
34,Power Station,A facility used for the generation of electrical power for distribution,Non Renewable,Jeeralang B,Operational,Open Cycle Gas Turbine,Natural Gas,228,3,Hazelwood North,Victoria,5,146.4249286,-38.2746129
35,Power Station,A facility used for the generation of electrical power for distribution,Non Renewable,Jeeralang A,Operational,Open Cycle Gas Turbine,Natural Gas,204,4,Hazelwood North,Victoria,5,146.4263016,-38.2753119
36,Power Station,A facility used for the generation of electrical power for distribution,Non Renewable,Loy Yang A,Operational,Steam Subcritical,Coal,2180,4,Loy Yang,Victoria,5,146.5745746,-38.253587
37,Power Station,A facility used for the generation of electrical power for distribution,Non Renewable,Loy Yang B,Operational,Steam Subcritical,Coal,1000,2,Loy Yang,Victoria,5,146.5863756,-38.256434
38,Power Station,A facility used for the generation of electrical power for distribution,Non Renewable,Valley Power (Peaking Facility),Operational,Open Cycle Gas Turbine,Natural Gas,300,6,Loy Yang,Victoria,5,146.5891716,-38.253609
39,Power Station,A facility used for the generation of electrical power for distribution,Non Renewable,Bairnsdale,Operational,Open Cycle Gas Turbine,Natural Gas,94,2,Hillside (East Gippsland),Victoria,5,147.563935,-37.8428465
40,Power Station,A facility used for the generation of electrical power for distribution,Renewable,Yarrawonga,Operational,Hydroelectric - Gravity,Water,9,2,Yarrawonga,Victoria,5,145.9994675,-36.0093967
41,Power Station,A facility used for the generation of electrical power for distribution,Renewable,Hume,Operational,Hydroelectric - Gravity,Water,70,2,Lake Hume Village,New South Wales,5,147.0326281,-36.1066055
42,Power Station,A facility used for the generation of electrical power for distribution,Renewable,Canunda Wind Farm,Operational,Wind Turbine,Wind,46,23,German Flat,South Australia,2,140.403318,-37.7602399
43,Power Station,A facility used for the generation of electrical power for distribution,Non Renewable,Snuggery,Operational,Open Cycle Gas Turbine,Natural Gas,63,3,Millicent,South Australia,5,140.4155643,-37.6645372
44,Power Station,A facility used for the generation of electrical power for distribution,Non Renewable,Dry Creek,Operational,Open Cycle Gas Turbine,Natural Gas,156,3,Dry Creek,South Australia,5,138.5817653,-34.8474495
45,Power Station,A facility used for the generation of electrical power for distribution,Non Renewable,Torrens Island A,Operational,Steam Subcritical,Natural Gas,480,4,Torrens Island,South Australia,5,138.5213293,-34.8068305
46,Power Station,A facility used for the generation of electrical power for distribution,Non Renewable,Torrens Island B,Operational,Steam Subcritical,Natural Gas,800,4,Torrens Island,South Australia,5,138.5226273,-34.8051575
47,Power Station,A facility used for the generation of electrical power for distribution,Non Renewable,Osborne,Operational,Combined Cycle Gas Turbine,Natural Gas,180,2,Osborne,South Australia,4,138.5078913,-34.7980075
48,Power Station,A facility used for the generation of electrical power for distribution,Non Renewable,Pelican Point,Operational,Combined Cycle Gas Turbine,Natural Gas,478,3,Outer Harbor,South Australia,5,138.5053323,-34.7649585
49,Power Station,A facility used for the generation of electrical power for distribution,Non Renewable,Quarantine,Operational,Open Cycle Gas Turbine,Natural Gas,224,5,Torrens Island,South Australia,3,138.5223593,-34.7792705
50,Power Station,A facility used for the generation of electrical power for distribution,Non Renewable,Angaston,Operational,Compression Reciprocating Engine,Distillate,50,30,Angaston,South Australia,4,139.0245774,-34.5034291
51,Power Station,A facility used for the generation of electrical power for distribution,Renewable,Waterloo Wind Farm,Operational,Wind Turbine,Wind,111,37,Tothill Belt,South Australia,3,138.9109388,-34.0010113
52,Power Station,A facility used for the generation of electrical power for distribution,Renewable,Wattle Point Wind Farm,Operational,Wind Turbine,Wind,90.8,55,Edithburgh,South Australia,5,137.7057851,-35.1103369
53,Power Station,A facility used for the generation of electrical power for distribution,Non Renewable,Mintaro,Operational,Open Cycle Gas Turbine,Natural Gas,90,1,Stanley,South Australia,5,138.7383073,-33.9030865
54,Power Station,A facility used for the generation of electrical power for distribution,Renewable,Hallett 1 Brown Hill  Wind Farm,Operational,Wind Turbine,Wind,94.5,45,Canowie,South Australia,2,138.732339,-33.33972
55,Power Station,A facility used for the generation of electrical power for distribution,Non Renewable,Hallett,Operational,Open Cycle Gas Turbine,Natural Gas,228.3,12,Canowie,South Australia,5,138.7516663,-33.3486385
56,Power Station,A facility used for the generation of electrical power for distribution,Renewable,Hallett 2 Hallet Hill  Wind Farm,Operational,Wind Turbine,Wind,71.4,34,North Booborowie,South Australia,2,138.8551671,-33.5225889
57,Power Station,A facility used for the generation of electrical power for distribution,Non Renewable,Port Lincoln,Operational,Open Cycle Gas Turbine,Distillate,73.5,3,Hawson,South Australia,4,135.8044315,-34.7003208
58,Power Station,A facility used for the generation of electrical power for distribution,Renewable,Cathedral Rocks Wind Farm,Operational,Wind Turbine,Wind,66,33,Sleaford,South Australia,2,135.5851797,-34.8508474
59,Power Station,A facility used for the generation of electrical power for distribution,Non Renewable,Channel Island,Operational,Gas Turbine,Natural Gas,310,9,Channel Island,Northern Territory,5,130.8665957,-12.5549791
60,Power Station,A facility used for the generation of electrical power for distribution,Non Renewable,Weddell,Operational,Open Cycle Gas Turbine,Natural Gas,86,2,Wickham,Northern Territory,4,130.9502323,-12.5771183
61,Power Station,A facility used for the generation of electrical power for distribution,Renewable,Ord River,Operational,Hydroelectric - Gravity,Water,30,4,Lake Argyle,Western Australia,4,128.7383338,-16.1201181
62,Power Station,A facility used for the generation of electrical power for distribution,Non Renewable,Muja D,Operational,Steam Subcritical,Coal,454,2,Muja,Western Australia,4,116.3074391,-33.446344
63,Power Station,A facility used for the generation of electrical power for distribution,Non Renewable,Kemerton,Operational,Open Cycle Gas Turbine,Natural Gas,260.9,2,Wellesley,Western Australia,4,115.7805508,-33.1632366
64,Power Station,A facility used for the generation of electrical power for distribution,Non Renewable,Pinjar,Operational,Gas Turbine,Natural Gas,576,9,Pinjar,Western Australia,4,115.8204137,-31.5567846
65,Power Station,A facility used for the generation of electrical power for distribution,Renewable,Emu Downs Wind Farm,Operational,Wind Turbine,Wind,79.2,48,Badgingarra,Western Australia,2,115.3767646,-30.4881776
66,Power Station,A facility used for the generation of electrical power for distribution,Non Renewable,Collie A,Operational,Steam Subcritical,Coal,340,1,Palmer,Western Australia,5,116.2611758,-33.3421676
67,Power Station,A facility used for the generation of electrical power for distribution,Non Renewable,Collie (Bluewaters),Operational,Steam Subcritical,Coal,416,2,Palmer,Western Australia,5,116.2290108,-33.3309866
68,Power Station,A facility used for the generation of electrical power for distribution,Non Renewable,Wagerup,Operational,Gas Turbine,Natural Gas,380,4,Wagerup,Western Australia,5,115.9186578,-32.9160036
69,Power Station,A facility used for the generation of electrical power for distribution,Non Renewable,Kwinana Cogeneration,Operational,Cogeneration,Natural Gas,123,2,Kwinana Beach,Western Australia,5,115.7661317,-32.2225186
70,Power Station,A facility used for the generation of electrical power for distribution,Non Renewable,Kwinana High Efficiency Gas Turbine Plant,Operational,Gas Turbine,Natural Gas,200,2,Naval Base,Western Australia,5,115.7753876,-32.197282
71,Power Station,A facility used for the generation of electrical power for distribution,Non Renewable,Kwinana A,Non-Operational,Steam Subcritical,Coal,240,2,Naval Base,Western Australia,5,115.7751629,-32.1979395
72,Power Station,A facility used for the generation of electrical power for distribution,Non Renewable,Kwinana C,Non-Operational,Steam Subcritical,Coal,184,2,Naval Base,Western Australia,5,115.7747129,-32.199216
73,Power Station,A facility used for the generation of electrical power for distribution,Non Renewable,Cockburn,Operational,Combined Cycle Gas Turbine,Natural Gas,240,2,Naval Base,Western Australia,5,115.7736897,-32.2001056
74,Power Station,A facility used for the generation of electrical power for distribution,Non Renewable,Kalgoorlie (Parkeston),Operational,Open Cycle,Natural Gas,110,3,Parkeston,Western Australia,5,121.5065528,-30.7377964
75,Power Station,A facility used for the generation of electrical power for distribution,Renewable,Collgar Wind Farm,Operational,Wind Turbine,Wind,206,111,Norpa,Western Australia,2,118.4565788,-31.5431639
76,Power Station,A facility used for the generation of electrical power for distribution,Non Renewable,Merredin,Operational,Open Cycle Gas Turbine,Gas,82,2,Merredin,Western Australia,3,118.2270082,-31.5423003
77,Power Station,A facility used for the generation of electrical power for distribution,Non Renewable,Mungarra,Operational,Gas Turbine,Natural Gas,112,3,West Casuarinas,Western Australia,5,115.1177094,-28.8892979
78,Power Station,A facility used for the generation of electrical power for distribution,Non Renewable,Geraldton,Operational,,Natural Gas,21,1,Woorree,Western Australia,5,114.6484926,-28.7700937
79,Power Station,A facility used for the generation of electrical power for distribution,Non Renewable,Paraburdoo,Operational,,Natural Gas,155,4,Innawanga,Western Australia,5,117.6132769,-23.2232466
80,Power Station,A facility used for the generation of electrical power for distribution,Non Renewable,Dampier,Operational,Steam Turbine,Natural Gas,120,3,Burrup,Western Australia,4,116.7219139,-20.6479715
81,Power Station,A facility used for the generation of electrical power for distribution,Non Renewable,Yurralyi Maya (Karratha Seven Mile),Operational,,Natural Gas,180,4,Maitland,Western Australia,4,116.7420099,-20.7619865
82,Power Station,A facility used for the generation of electrical power for distribution,Renewable,Wonthaggi Wind Farm,Operational,Wind Turbine,Wind,12,6,Wonthaggi,Victoria,5,145.5485427,-38.6075205
83,Power Station,A facility used for the generation of electrical power for distribution,Renewable,Walkaway Wind Farm,Operational,Wind Turbine,Wind,90,54,Walkaway,Western Australia,5,114.9281689,-28.9228378
84,Power Station,A facility used for the generation of electrical power for distribution,Renewable,Cullerin Range Wind Farm,Operational,Wind Turbine,Wind,30,15,Breadalbane,New South Wales,5,149.4001352,-34.8049688
85,Power Station,A facility used for the generation of electrical power for distribution,Renewable,Snowtown Wind Farm North,Operational,Wind Turbine,Wind,148,47,Wokurna,South Australia,5,138.1401809,-33.7139424
86,Power Station,A facility used for the generation of electrical power for distribution,Renewable,Cape Bridgewater Wind Farm,Operational,Wind Turbine,Wind,58,29,Cape Bridgewater,Victoria,5,141.3850505,-38.3576416
87,Power Station,A facility used for the generation of electrical power for distribution,Non Renewable,Barcaldine (Len Wishaw),Operational,Combined Cycle Gas Turbine,Natural Gas,37,1,Barcaldine,Queensland,5,145.3141933,-23.5524386
88,Power Station,A facility used for the generation of electrical power for distribution,Renewable,Bluff Point (Woolnorth) Wind Farm,Operational,Wind Turbine,Wind,65,37,Woolnorth,Tasmania,5,144.6909558,-40.7194481
89,Power Station,A facility used for the generation of electrical power for distribution,Renewable,Studland Bay (Woolnorth) Wind Farm,Operational,Wind Turbine,Wind,75,25,Woolnorth,Tasmania,5,144.7369213,-40.7817797
90,Power Station,A facility used for the generation of electrical power for distribution,Renewable,The Drop,Operational,Hydroelectric - Gravity,Water,3,1,Berrigan,New South Wales,3,145.783731,-35.6043339
91,Power Station,A facility used for the generation of electrical power for distribution,Renewable,Pindari,Operational,Hydroelectric - Gravity,Water,6.7,2,Pindaroi,New South Wales,5,151.2449218,-29.3892224
92,Power Station,A facility used for the generation of electrical power for distribution,Renewable,Nieterana,Operational,Hydroelectric - Gravity,Water,2.2,1,Butlers Gorge,Tasmania,4,146.2628882,-42.2685737
93,Power Station,A facility used for the generation of electrical power for distribution,Renewable,Oakland Hills Wind Farm,Operational,Wind Turbine,Wind,67,32,Glenthompson,Victoria,3,142.5467312,-37.6870462
94,Power Station,A facility used for the generation of electrical power for distribution,Renewable,Tatura Biogas Generation Plant,Operational,Spark Ignition Reciprocating Engine,Biogas,1.1,0,Tatura,Victoria,5,145.235032,-36.4792478
95,Power Station,A facility used for the generation of electrical power for distribution,Renewable,Jindabyne Dam Mini Hydro,Operational,Hydroelectric - Gravity,Water,1.1,1,Jindabyne,New South Wales,5,148.6332556,-36.4351368
96,Power Station,A facility used for the generation of electrical power for distribution,Renewable,North Brown Hill  Wind Farm,Operational,Wind Turbine,Wind,132.3,63,Belalie East,South Australia,3,138.7296029,-33.3092464
97,Power Station,A facility used for the generation of electrical power for distribution,Renewable,Clements Gap Wind Farm,Operational,Wind Turbine,Wind,57,27,Clements Gap,South Australia,3,138.1308182,-33.5086374
98,Power Station,A facility used for the generation of electrical power for distribution,Renewable,Wyangala A,Operational,Hydroelectric - Gravity,Water,20,1,Wyangala,New South Wales,3,148.9473117,-33.9809761
99,Power Station,A facility used for the generation of electrical power for distribution,Renewable,Blayney Wind Farm,Operational,Wind Turbine,Wind,9.9,15,Carcoar,New South Wales,5,149.1982158,-33.6218771
100,Power Station,A facility used for the generation of electrical power for distribution,Renewable,Woodlawn Wind Farm,Operational,Wind Turbine,Wind,48,23,Tarago,New South Wales,3,149.5716113,-35.0860469
101,Power Station,A facility used for the generation of electrical power for distribution,Renewable,Woodlawn Bioreactor,Operational,Spark Ignition Reciprocating Engine,Biogas,7,7,Tarago,New South Wales,5,149.5769105,-35.0589896
102,Power Station,A facility used for the generation of electrical power for distribution,Renewable,West Nowra (Shoalhaven),Operational,Compression Reciprocating Engine,Biogas,1,1,Mundamia,New South Wales,4,150.5514904,-34.8819653
103,Power Station,A facility used for the generation of electrical power for distribution,Renewable,Tumut 3,Operational,Hydroelectric - Gravity,Water,1500,6,Talbingo,New South Wales,5,148.2916902,-35.6112048
104,Power Station,A facility used for the generation of electrical power for distribution,Renewable,Summerhill,Operational,Spark Ignition Reciprocating Engine,Biogas,2.2,2,Wallsend,New South Wales,4,151.6429595,-32.8885204
105,Power Station,A facility used for the generation of electrical power for distribution,Renewable,Mugga Lane,Operational,Spark Ignition Reciprocating Engine,Biogas,3.5,3,ACT Remainder - Jerrabomberra,Australian Capital Territory,5,149.1458255,-35.3952911
106,Power Station,A facility used for the generation of electrical power for distribution,Renewable,Lucas Heights II,Operational,Spark Ignition Reciprocating Engine,Biogas,16,11,Lucas Heights,New South Wales,5,150.9738874,-34.0481333
107,Power Station,A facility used for the generation of electrical power for distribution,Renewable,Lucas Heights I,Operational,Spark Ignition Reciprocating Engine,Biogas,5.4,5,Barden Ridge,New South Wales,5,151.0020774,-34.0292893
108,Power Station,A facility used for the generation of electrical power for distribution,Renewable,Jounama,Operational,Hydroelectric - Gravity,Water,14,1,Blowering,New South Wales,5,148.3055222,-35.5619522
109,Power Station,A facility used for the generation of electrical power for distribution,Renewable,Jacks Gully,Operational,Spark Ignition Reciprocating Engine,Biogas,2.3,2,Spring Farm,New South Wales,5,150.7426945,-34.0734273
110,Power Station,A facility used for the generation of electrical power for distribution,Renewable,Gunning,Operational,Wind Turbine,Wind,47,31,Gurrundah,New South Wales,3,149.3833973,-34.6970958
111,Power Station,A facility used for the generation of electrical power for distribution,Renewable,Grange Avenue,Operational,Spark Ignition Reciprocating Engine,Biogas,2,1,Marsden Park,New South Wales,5,150.8312385,-33.7029253
112,Power Station,A facility used for the generation of electrical power for distribution,Renewable,Esperance Wind Farm Nine Mile Beach,Operational,Wind Turbine,Wind,3.6,6,Dalyup,Western Australia,5,121.7777899,-33.8926964
113,Power Station,A facility used for the generation of electrical power for distribution,Renewable,Eastern Creek 2,Operational,Spark Ignition Reciprocating Engine,Biogas,9,7,Eastern Creek,New South Wales,3,150.8616885,-33.8125023
114,Power Station,A facility used for the generation of electrical power for distribution,Renewable,Eastern Creek,Operational,Spark Ignition Reciprocating Engine,Biogas,5.4,4,Eastern Creek,New South Wales,4,150.8537072,-33.8141442
115,Power Station,A facility used for the generation of electrical power for distribution,Renewable,Crookwell Wind Farm,Operational,Wind Turbine,Wind,4.8,8,Pejar,New South Wales,5,149.5439418,-34.5136033
116,Power Station,A facility used for the generation of electrical power for distribution,Renewable,Capital Hill Wind Farm,Operational,Wind Turbine,Wind,140,67,Tarago,New South Wales,5,149.522643,-35.159504
117,Power Station,A facility used for the generation of electrical power for distribution,Renewable,Burrinjuck Power Station,Operational,Hydroelectric - Gravity,Water,27,3,Burrinjuck,New South Wales,4,148.5833987,-35.0025071
118,Power Station,A facility used for the generation of electrical power for distribution,Renewable,Awaba,Non-Operational,Spark Ignition Reciprocating Engine,Biogas,1.1,1,Awaba,New South Wales,1,151.5497245,-33.0250173
119,Power Station,A facility used for the generation of electrical power for distribution,Renewable,Windy Hill Wind Farm,Operational,Wind Turbine,Wind,12,20,Ravenshoe,Queensland,5,145.5306077,-17.5921867
120,Power Station,A facility used for the generation of electrical power for distribution,Renewable,Starfish Hill Wind Farm,Operational,Wind Turbine,Wind,34.5,23,Cape Jervis,South Australia,5,138.1318715,-35.5762223
121,Power Station,A facility used for the generation of electrical power for distribution,Renewable,Pioneer Sugar Mill,Operational,Cogeneration - Steam Subcritical,Biomass,67.8,2,Brandon,Queensland,4,147.3308084,-19.5574519
122,Power Station,A facility used for the generation of electrical power for distribution,Non Renewable,Moranbah North,Operational,Spark Ignition Reciprocating Engine,Natural Gas,45.7,15,Moranbah,Queensland,5,147.9506625,-21.8966422
123,Power Station,A facility used for the generation of electrical power for distribution,Renewable,Koombooloomba,Operational,Hydroelectric - Gravity,Water,7.3,1,Koombooloomba,Queensland,5,145.6033696,-17.8312707
124,Power Station,A facility used for the generation of electrical power for distribution,Renewable,Invicta Sugar Mill,Operational,Cogeneration - Steam Subcritical,Biomass,150,3,Giru,Queensland,4,147.1065334,-19.5166839
125,Power Station,A facility used for the generation of electrical power for distribution,Renewable,Wivenhoe,Operational,Hydroelectric - Pumped Storage,Water,4.7,1,Lake Wivenhoe,Queensland,5,152.6091591,-27.3951994
126,Power Station,A facility used for the generation of electrical power for distribution,Renewable,Terminal Storage,Operational,Hydroelectric - Gravity,Water,2.5,1,Hope Valley,South Australia,3,138.7112332,-34.8393095
127,Power Station,A facility used for the generation of electrical power for distribution,Renewable,Suncoast Gold Macadamia,Operational,Steam Subcritical,Biomass,1.5,1,Glanmire,Queensland,5,152.6981082,-26.2261124
128,Power Station,A facility used for the generation of electrical power for distribution,Renewable,Rocky Point Sugar Sugar Mill,Operational,Cogeneration - Steam Subcritical,Biomass,30,1,Steiglitz,Queensland,5,153.327613,-27.7334365
129,Power Station,A facility used for the generation of electrical power for distribution,Renewable,Mount Millar Wind Farm,Operational,Wind Turbine,Wind,70,35,Cowell,South Australia,4,136.7039034,-33.6254961
130,Power Station,A facility used for the generation of electrical power for distribution,Renewable,Lake Bonney Stage 2 Wind Farm,Operational,Wind Turbine,Wind,159,53,German Flat,South Australia,3,140.4195058,-37.8148806
131,Power Station,A facility used for the generation of electrical power for distribution,Renewable,Albany Wind Farm,Operational,Wind Turbine,Wind,21.6,12,Sandpatch,Western Australia,5,117.7977056,-35.0641335
132,Power Station,A facility used for the generation of electrical power for distribution,Renewable,Wyndham,Operational,Spark Ignition Reciprocating Engine,Biogas,1,1,Werribee,Victoria,3,144.590185,-37.9374748
133,Power Station,A facility used for the generation of electrical power for distribution,Renewable,Wollert,Operational,Spark Ignition Reciprocating Engine,Biogas,6.7,2,Wollert,Victoria,5,145.0487099,-37.5829438
134,Power Station,A facility used for the generation of electrical power for distribution,Renewable,Whitwood Road,Operational,Spark Ignition Reciprocating Engine,Biogas,1,1,Swanbank,Queensland,3,152.823749,-27.6590014
135,Power Station,A facility used for the generation of electrical power for distribution,Renewable,Toora Wind Farm,Operational,Wind Turbine,Wind,21,12,Toora,Victoria,5,146.3403424,-38.6531371
136,Power Station,A facility used for the generation of electrical power for distribution,Renewable,Ti Tree Bioenergy,Operational,Compression Reciprocating Engine,Biogas,3.3,0,Willowbank,Queensland,5,152.659301,-27.6801514
137,Power Station,A facility used for the generation of electrical power for distribution,Renewable,Roghan Road,Operational,Spark Ignition Reciprocating Engine,Biogas,2,1,Fitzgibbon,Queensland,4,153.0343561,-27.3387554
138,Power Station,A facility used for the generation of electrical power for distribution,Renewable,Rochedale,Operational,Compression Reciprocating Engine,Biogas,4,4,Rochedale,Queensland,5,153.12364,-27.5591045
139,Power Station,A facility used for the generation of electrical power for distribution,Renewable,Plane Creek Sugar Mill,Operational,Steam Subcritical,Biomass,14,2,Sarina,Queensland,4,149.2159191,-21.42821
140,Power Station,A facility used for the generation of electrical power for distribution,Renewable,Browns Plains,Operational,Spark Ignition Reciprocating Engine,Biogas,2.2,2,Heritage Park,Queensland,5,153.066352,-27.6721185
141,Power Station,A facility used for the generation of electrical power for distribution,Renewable,Brooklyn,Operational,Spark Ignition Reciprocating Engine,Biogas,2.8,2,Brooklyn,Victoria,5,144.831882,-37.8179538
142,Power Station,A facility used for the generation of electrical power for distribution,Renewable,Berwick,Operational,Cogeneration - Spark Ignition Reciprocating,Biogas,7.2,2,Cranbourne,Victoria,3,145.2664669,-38.1196889
143,Power Station,A facility used for the generation of electrical power for distribution,Renewable,Broadmeadows,Operational,Spark Ignition Reciprocating Engine,Biogas,12.2,7,Campbellfield,Victoria,5,144.966325,-37.6877728
144,Power Station,A facility used for the generation of electrical power for distribution,Non Renewable,Energy Brix,Decommissioned,Steam Subcritical,Coal,195,5,Morwell,Victoria,5,146.4137276,-38.2545469
145,Power Station,A facility used for the generation of electrical power for distribution,Renewable,Lake Glenmaggie,Operational,Hydroelectric - Gravity,Water,4,2,Glenmaggie,Victoria,3,146.8010906,-37.904732
146,Power Station,A facility used for the generation of electrical power for distribution,Non Renewable,Hazelwood,Decommissioned,Steam Subcritical,Coal,1600,8,Hazelwood,Victoria,5,146.3922686,-38.2730899
147,Power Station,A facility used for the generation of electrical power for distribution,Non Renewable,Longford,Operational,Open Cycle Gas Turbine,Natural Gas,31,6,Longford,Victoria,5,147.1657181,-38.2235687
148,Power Station,A facility used for the generation of electrical power for distribution,Renewable,Mornington,Operational,Spark Ignition Reciprocating Engine,Biogas,1,1,Fingal,Victoria,4,144.8553279,-38.3916178
149,Power Station,A facility used for the generation of electrical power for distribution,Renewable,Rubicon,Operational,Hydroelectric - Gravity,Water,13.6,1,Rubicon,Victoria,5,145.8605258,-37.3272069
150,Power Station,A facility used for the generation of electrical power for distribution,Non Renewable,Somerton,Operational,Open Cycle Gas Turbine,Natural Gas,160,4,Somerton,Victoria,5,144.953083,-37.6318088
151,Power Station,A facility used for the generation of electrical power for distribution,Non Renewable,Symex Port Melbourne,Non-Operational,Open Cycle Gas Turbine,Natural Gas,5.9,0,Port Melbourne,Victoria,4,144.9443709,-37.8297808
152,Power Station,A facility used for the generation of electrical power for distribution,Renewable,Bogong (Mount Beauty Hydro Scheme),Operational,Hydroelectric - Gravity,Water,300,8,Bogong,Victoria,5,147.2280397,-36.805448
153,Power Station,A facility used for the generation of electrical power for distribution,Renewable,Clover,Operational,Hydroelectric - Gravity,Water,30,2,Bogong,Victoria,5,147.2204717,-36.785268
154,Power Station,A facility used for the generation of electrical power for distribution,Renewable,McKay Creek (Mount Beauty Hydro Scheme),Operational,Hydroelectric - Gravity,Water,150,6,Falls Creek,Victoria,5,147.2345477,-36.858381
155,Power Station,A facility used for the generation of electrical power for distribution,Renewable,West Kiewa (Mount Beauty Hydro Scheme),Operational,Hydroelectric - Gravity,Water,62,2,Mount Beauty,Victoria,5,147.1860537,-36.760053
156,Power Station,A facility used for the generation of electrical power for distribution,Renewable,Murray 2,Operational,Hydroelectric - Gravity,Water,552,4,Khancoban,New South Wales,5,148.1362526,-36.2423311
157,Power Station,A facility used for the generation of electrical power for distribution,Renewable,Murray 1,Operational,Hydroelectric - Gravity,Water,950,10,Khancoban,New South Wales,5,148.1901006,-36.2467001
158,Power Station,A facility used for the generation of electrical power for distribution,Renewable,Cape Sir William Grant Wind Farm,Operational,Wind Turbine,Wind,54,27,Portland,Victoria,3,141.6208569,-38.3975801
159,Power Station,A facility used for the generation of electrical power for distribution,Renewable,Cape Nelson South Wind Farm,Operational,Wind Turbine,Wind,44,22,Portland West,Victoria,5,141.5430065,-38.4119866
160,Power Station,A facility used for the generation of electrical power for distribution,Renewable,Cape Nelson North Wind Farm,Operational,Wind Turbine,Wind,22,11,Portland West,Victoria,3,141.5483907,-38.3655202
161,Power Station,A facility used for the generation of electrical power for distribution,Non Renewable,Ballarat Base Hospital,Operational,Compression Reciprocating Engine,Natural Gas,3,0,Ballarat Central,Victoria,4,143.8469242,-37.5595938
162,Power Station,A facility used for the generation of electrical power for distribution,Non Renewable,Anglesea,Decommissioned,Steam Subcritical,Coal,165,1,Anglesea,Victoria,5,144.182795,-38.3860428
163,Power Station,A facility used for the generation of electrical power for distribution,Renewable,Remount,Operational,,Biogas,2.2,2,Mowbray,Tasmania,3,147.1501239,-41.3977248
164,Power Station,A facility used for the generation of electrical power for distribution,Renewable,Wayatinah,Operational,Hydroelectric - Gravity,Water,38.3,3,Wayatinah,Tasmania,5,146.5347141,-42.427163
165,Power Station,A facility used for the generation of electrical power for distribution,Renewable,Tungatinah,Operational,Hydroelectric - Gravity,Water,125,5,Tarraleah,Tasmania,5,146.4565481,-42.296658
166,Power Station,A facility used for the generation of electrical power for distribution,Renewable,Tods Corner,Operational,Hydroelectric - Gravity,Water,1.7,1,Central Plateau,Tasmania,5,146.7937901,-41.970719
167,Power Station,A facility used for the generation of electrical power for distribution,Renewable,Tarraleah,Operational,Hydroelectric - Gravity,Water,90,6,Tarraleah,Tasmania,5,146.4571611,-42.301195
168,Power Station,A facility used for the generation of electrical power for distribution,Renewable,Meadowbank,Operational,Hydroelectric - Gravity,Water,40,1,Meadowbank,Tasmania,5,146.845681,-42.611186
169,Power Station,A facility used for the generation of electrical power for distribution,Renewable,Liapootah,Operational,Hydroelectric - Gravity,Water,87.3,3,Wayatinah,Tasmania,5,146.5098951,-42.376304
170,Power Station,A facility used for the generation of electrical power for distribution,Renewable,Cluny,Operational,Hydroelectric - Gravity,Water,17,1,Ouse,Tasmania,5,146.6811674,-42.50641
171,Power Station,A facility used for the generation of electrical power for distribution,Renewable,Catagunya,Operational,Hydroelectric - Gravity,Water,48,2,Ouse,Tasmania,5,146.5976917,-42.4523681
172,Power Station,A facility used for the generation of electrical power for distribution,Renewable,Butlers Gorge,Operational,Hydroelectric - Gravity,Water,14.4,1,Butlers Gorge,Tasmania,5,146.2617633,-42.2668845
173,Power Station,A facility used for the generation of electrical power for distribution,Renewable,Rowallan,Operational,Hydroelectric - Gravity,Water,10.5,1,Mersey Forest,Tasmania,5,146.2175981,-41.72951
174,Power Station,A facility used for the generation of electrical power for distribution,Renewable,Lower Lake Margaret,Operational,Hydroelectric - Gravity,Water,3.2,1,Lake Margaret,Tasmania,5,145.5261148,-42.0147068
175,Power Station,A facility used for the generation of electrical power for distribution,Renewable,Lemonthyme,Operational,Hydroelectric - Gravity,Water,81.6,1,Mersey Forest,Tasmania,5,146.1390273,-41.6037499
176,Power Station,A facility used for the generation of electrical power for distribution,Renewable,Upper Lake Margaret,Operational,Hydroelectric - Gravity,Water,8.4,7,Lake Margaret,Tasmania,4,145.5437043,-42.0045539
177,Power Station,A facility used for the generation of electrical power for distribution,Renewable,Fisher,Operational,Hydroelectric - Gravity,Water,43.2,1,Mersey Forest,Tasmania,5,146.2686892,-41.6731795
178,Power Station,A facility used for the generation of electrical power for distribution,Non Renewable,Tamar Valley,Operational,Combined Cycle Gas Turbine,Natural Gas,390,5,Bell Bay,Tasmania,5,146.9036414,-41.1401117
179,Power Station,A facility used for the generation of electrical power for distribution,Renewable,Inkerman Sugar Mill,Operational,Cogeneration - Steam Subcritical,Biomass,10.5,2,Home Hill,Queensland,4,147.4015984,-19.6421419
180,Power Station,A facility used for the generation of electrical power for distribution,Non Renewable,Mackay,Operational,Open Cycle Gas Turbine,Natural Gas,30,1,West Mackay,Queensland,5,149.1591041,-21.144553
181,Power Station,A facility used for the generation of electrical power for distribution,Non Renewable,Roma,Operational,Open Cycle Gas Turbine,Natural Gas,80,2,Roma,Queensland,5,148.8402056,-26.5771881
182,Power Station,A facility used for the generation of electrical power for distribution,Non Renewable,Swanbank B,Decommissioned,Steam Subcritical,Coal,480,4,Swanbank,Queensland,5,152.8144581,-27.6600529
183,Power Station,A facility used for the generation of electrical power for distribution,Non Renewable,Swanbank E,Operational,Combined Cycle Gas Turbine,Natural Gas,385,1,Swanbank,Queensland,5,152.8179442,-27.6553617
184,Power Station,A facility used for the generation of electrical power for distribution,Renewable,Wivenhoe Hydroelectric,Operational,Hydroelectric - Pumped Storage,Water,500,2,Split Yard Creek,Queensland,5,152.6320337,-27.3722088
185,Power Station,A facility used for the generation of electrical power for distribution,Renewable,Barron Gorge,Operational,Hydroelectric - Run of River,Water,60,2,Kuranda,Queensland,4,145.6465027,-16.8501857
186,Power Station,A facility used for the generation of electrical power for distribution,Non Renewable,Braemar 1,Operational,Open Cycle Gas Turbine,Natural Gas,504,3,Kogan,Queensland,5,150.9053432,-27.1109213
187,Power Station,A facility used for the generation of electrical power for distribution,Non Renewable,Braemar 2,Operational,Open Cycle Gas Turbine,Natural Gas,519,3,Kogan,Queensland,3,150.9048846,-27.1127985
188,Power Station,A facility used for the generation of electrical power for distribution,Non Renewable,Condamine A,Operational,Combined Cycle Gas Turbine,Natural Gas,144,3,Columboola,Queensland,3,150.2700209,-26.6682094
189,Power Station,A facility used for the generation of electrical power for distribution,Non Renewable,Daandine,Operational,Compression Reciprocating Engine,Natural Gas,33,11,Kogan,Queensland,4,150.9430118,-27.0863072
190,Power Station,A facility used for the generation of electrical power for distribution,Non Renewable,German Creek,Operational,Spark Ignition Reciprocating Engine,Natural Gas,45.2,16,Middlemount,Queensland,3,148.551504,-22.928134
191,Power Station,A facility used for the generation of electrical power for distribution,Non Renewable,Gladstone,Operational,Steam Subcritical,Coal,1680,6,Callemondah,Queensland,5,151.2186596,-23.8507402
192,Power Station,A facility used for the generation of electrical power for distribution,Renewable,Isis Central Sugar Mill,Operational,Cogeneration - Steam Subcritical,Biomass,25,4,Isis Central,Queensland,5,152.2085624,-25.1939733
193,Power Station,A facility used for the generation of electrical power for distribution,Renewable,Kalamia Sugar Mill,Operational,Steam Subcritical,Biomass,9,1,Brandon,Queensland,3,147.4152444,-19.5223259
194,Power Station,A facility used for the generation of electrical power for distribution,Renewable,Kareeya,Operational,Hydroelectric - Run of River,Water,88,5,Cardstone,Queensland,5,145.5778727,-17.7669887
195,Power Station,A facility used for the generation of electrical power for distribution,Non Renewable,Kogan Creek,Operational,Steam Super Critical,Coal,744,1,Brigalow,Queensland,4,150.7492897,-26.9176705
196,Power Station,A facility used for the generation of electrical power for distribution,Non Renewable,Millmerran,Operational,Steam Super Critical,Coal,856,2,Grays Gate,Queensland,5,151.2789552,-27.9615293
197,Power Station,A facility used for the generation of electrical power for distribution,Non Renewable,Moranbah,Operational,Spark Ignition Reciprocating Engine,Natural Gas,12.6,0,Moranbah,Queensland,3,148.0246543,-21.9851172
198,Power Station,A facility used for the generation of electrical power for distribution,Non Renewable,Mount Stuart,Operational,Open Cycle Gas Turbine,Distillate,423,2,Stuart,Queensland,5,146.851178,-19.3379852
199,Power Station,A facility used for the generation of electrical power for distribution,Non Renewable,Oakey,Operational,Open Cycle Gas Turbine,Natural Gas,282,2,Oakey,Queensland,5,151.6797115,-27.4183275
200,Power Station,A facility used for the generation of electrical power for distribution,Non Renewable,Oaky Creek,Operational,Spark Ignition Reciprocating Engine,Natural Gas,20,16,Bundoora,Queensland,4,148.581709,-22.987763
201,Power Station,A facility used for the generation of electrical power for distribution,Non Renewable,Stanwell,Operational,Steam Subcritical,Coal,1460,4,Stanwell,Queensland,5,150.3194728,-23.5097072
202,Power Station,A facility used for the generation of electrical power for distribution,Non Renewable,Tarong,Operational,Open Cycle Gas Turbine,Fuel Oil,15,1,Tarong,Queensland,3,151.9171702,-26.7857543
203,Power Station,A facility used for the generation of electrical power for distribution,Non Renewable,Tarong North,Operational,Steam Super Critical,Coal,443,1,Tarong,Queensland,5,151.9146079,-26.7757499
204,Power Station,A facility used for the generation of electrical power for distribution,Non Renewable,Tarong,Operational,Steam Subcritical,Coal,1400,4,Tarong,Queensland,5,151.9152794,-26.7823448
205,Power Station,A facility used for the generation of electrical power for distribution,Non Renewable,Townsville,Operational,Combined Cycle Gas Turbine,Natural Gas,220,2,Yabulu,Queensland,5,146.6187145,-19.2010428
206,Power Station,A facility used for the generation of electrical power for distribution,Non Renewable,Yarwun,Operational,Open Cycle Gas Turbine,Natural Gas,154,0,Yarwun,Queensland,4,151.1519366,-23.8306322
207,Power Station,A facility used for the generation of electrical power for distribution,Renewable,Macknade Sugar Mill,Operational,Steam Subcritical,Biomass,8,2,Macknade,Queensland,4,146.2579685,-18.5890298
208,Power Station,A facility used for the generation of electrical power for distribution,Renewable,Victoria Sugar Mill,Operational,Steam Subcritical,Biomass,24,3,Victoria Plantation,Queensland,4,146.2016345,-18.6507908
209,Power Station,A facility used for the generation of electrical power for distribution,Non Renewable,Callide C,Operational,Steam Super Critical,Coal,840,2,Mount Murchison,Queensland,5,150.6181876,-24.3449332
210,Power Station,A facility used for the generation of electrical power for distribution,Non Renewable,Callide B,Operational,Steam Subcritical,Coal,700,2,Mount Murchison,Queensland,5,150.6197556,-24.3448672
211,Power Station,A facility used for the generation of electrical power for distribution,Non Renewable,Callide A,Operational,Steam Subcritical,Coal,30,4,Mount Murchison,Queensland,5,150.6279796,-24.3340122
212,Power Station,A facility used for the generation of electrical power for distribution,Non Renewable,Collinsville,Operational,Steam Subcritical,Coal,190,5,Collinsville,Queensland,5,147.8048943,-20.5446689
213,Power Station,A facility used for the generation of electrical power for distribution,Non Renewable,Broome,Operational,,Natural Gas,39.6,17,Minyirr,Western Australia,5,122.2046113,-17.9810133
214,Power Station,A facility used for the generation of electrical power for distribution,Non Renewable,Burrup Peninsula (Karratha Gas Plant),Operational,,Natural Gas,240,0,Burrup,Western Australia,5,116.7821568,-20.6286355
215,Power Station,A facility used for the generation of electrical power for distribution,Non Renewable,Burrup Peninsula (Pluto Phase 1),Operational,,Natural Gas,160,0,Burrup,Western Australia,5,116.7801598,-20.5936665
216,Power Station,A facility used for the generation of electrical power for distribution,Non Renewable,Esperance,Operational,,Natural Gas,33,7,West Beach,Western Australia,5,121.8998099,-33.8761864
217,Power Station,A facility used for the generation of electrical power for distribution,Non Renewable,Karratha,Operational,,Natural Gas,86,2,Stove Hill,Western Australia,5,116.8374828,-20.7625535
218,Power Station,A facility used for the generation of electrical power for distribution,Non Renewable,Kwinana (Alcoa Refinery),Operational,,Natural Gas,74.5,7,Naval Base,Western Australia,5,115.7796867,-32.1946216
219,Power Station,A facility used for the generation of electrical power for distribution,Non Renewable,Kwinana,Operational,Gas Turbine,Natural Gas,21,1,Naval Base,Western Australia,5,115.7759562,-32.1969892
220,Power Station,A facility used for the generation of electrical power for distribution,Non Renewable,Kwinana NewGen,Operational,Combined Cycle Gas Turbine,Natural Gas,320,1,Naval Base,Western Australia,5,115.7728317,-32.2019666
221,Power Station,A facility used for the generation of electrical power for distribution,Non Renewable,Kwinana Swift,Operational,,Natural Gas,120,4,Kwinana Beach,Western Australia,5,115.7782876,-32.2242449
222,Power Station,A facility used for the generation of electrical power for distribution,Non Renewable,Neerabup,Operational,,Natural Gas,330,7,Neerabup,Western Australia,4,115.8021597,-31.6712366
223,Power Station,A facility used for the generation of electrical power for distribution,Non Renewable,Newman Iron Ore Mine,Operational,,Natural Gas,170,4,Newman,Western Australia,5,119.7085967,-23.3442614
224,Power Station,A facility used for the generation of electrical power for distribution,Non Renewable,Pinjarra Bauxite Mine and Alumina Refinery,Operational,,Natural Gas,280,2,Fairbridge,Western Australia,5,115.9469047,-32.6472896
225,Power Station,A facility used for the generation of electrical power for distribution,Non Renewable,Ravensthorpe,Operational,,Distillate,56,0,Jerdacuttup,Western Australia,2,120.3600101,-33.6099864
226,Power Station,A facility used for the generation of electrical power for distribution,Non Renewable,Wagerup Bauxite Mine and Alumina Refinery,Operational,,Natural Gas,98,4,Wagerup,Western Australia,4,115.9170058,-32.9144816
227,Power Station,A facility used for the generation of electrical power for distribution,Non Renewable,West Kalgoorlie,Operational,,Distillate,60,2,Feysville,Western Australia,5,121.4233649,-30.7806214
228,Power Station,A facility used for the generation of electrical power for distribution,Non Renewable,Port Hedland,Operational,,Natural Gas,126,3,Boodarie,Western Australia,5,118.5498097,-20.4282864
229,Power Station,A facility used for the generation of electrical power for distribution,Non Renewable,Mount Magnet,Operational,,Natural Gas,1.9,0,Mount Magnet,Western Australia,5,117.8327212,-28.0870708
230,Power Station,A facility used for the generation of electrical power for distribution,Non Renewable,Kalgoorlie Nickel Smelter,Operational,,Natural Gas,42,1,Feysville,Western Australia,3,121.4841979,-30.8736554
231,Power Station,A facility used for the generation of electrical power for distribution,Non Renewable,Kambalda,Operational,,Natural Gas,42,1,Kambalda East,Western Australia,5,121.6740941,-31.1919211
232,Power Station,A facility used for the generation of electrical power for distribution,Non Renewable,Leinster Nickel Mine,Operational,,Natural Gas,59,1,Leinster,Western Australia,4,120.6990061,-27.8141077
233,Power Station,A facility used for the generation of electrical power for distribution,Non Renewable,Mount Keith Nickel Mine,Operational,,Natural Gas,112,2,Wiluna,Western Australia,4,120.5479888,-27.2145694
234,Power Station,A facility used for the generation of electrical power for distribution,Non Renewable,Muja C,Operational,Steam Subcritical,Coal,400,2,Muja,Western Australia,5,116.3061941,-33.4460332
235,Power Station,A facility used for the generation of electrical power for distribution,Non Renewable,Worsley Cogeneration,Operational,,Natural Gas,106,2,Worsley,Western Australia,5,116.0637485,-33.2365325
236,Power Station,A facility used for the generation of electrical power for distribution,Non Renewable,Laverton (Granny Smith Gold Mine),Operational,,Distillate,30.6,10,Laverton,Western Australia,4,122.4150386,-28.8096353
237,Power Station,A facility used for the generation of electrical power for distribution,Non Renewable,Argyle Diamond Mine,Operational,,Distillate,32,0,Lake Argyle,Western Australia,5,128.4030888,-16.7161431
238,Power Station,A facility used for the generation of electrical power for distribution,Non Renewable,Christmas Creek Iron Ore Mine,Operational,Spark Ignition Reciprocating Engine,Distillate,58,0,Newman,Western Australia,2,119.7302608,-22.4069814
239,Power Station,A facility used for the generation of electrical power for distribution,Non Renewable,Jundee Gold Mine,Operational,Spark Ignition Reciprocating Engine,Natural Gas,21,6,Wiluna,Western Australia,4,120.5776228,-26.3711984
240,Power Station,A facility used for the generation of electrical power for distribution,Non Renewable,Murrin Murrin (Nickel Mine),Operational,,Natural Gas,78,3,Leonora,Western Australia,3,121.3292998,-28.9237404
241,Power Station,A facility used for the generation of electrical power for distribution,Non Renewable,Plutonic Gold Mine,Operational,,Natural Gas,28,4,Kumarina,Western Australia,4,119.4507668,-25.3109884
242,Power Station,A facility used for the generation of electrical power for distribution,Non Renewable,Sunrise Dam,Operational,Spark Ignition Reciprocating Engine,Natural Gas,28.4,24,Laverton,Western Australia,4,122.4392942,-29.0926698
243,Power Station,A facility used for the generation of electrical power for distribution,Non Renewable,Wiluna Gold Mine,Operational,,Natural Gas,21,3,Wiluna,Western Australia,3,120.2518938,-26.6315544
244,Power Station,A facility used for the generation of electrical power for distribution,Non Renewable,Paraburdoo (Standby),Operational,,Natural Gas,20,3,Innawanga,Western Australia,4,117.6136844,-23.22381
245,Power Station,A facility used for the generation of electrical power for distribution,Non Renewable,Telfer Gold Mine,Operational,,Natural Gas,159,3,Telfer,Western Australia,5,122.2091124,-21.7128973
246,Power Station,A facility used for the generation of electrical power for distribution,Non Renewable,Amcor Gawler,Operational,Compression Reciprocating Engine,Distillate,4,0,Kingsford,South Australia,5,138.7658712,-34.5508435
247,Power Station,A facility used for the generation of electrical power for distribution,Non Renewable,Lonsdale,Operational,Compression Reciprocating Engine,Distillate,20,18,Lonsdale,South Australia,5,138.4910141,-35.109655
248,Power Station,A facility used for the generation of electrical power for distribution,Renewable,Pedler Creek,Operational,Spark Ignition Reciprocating Engine,Biogas,3,3,McLaren Vale,South Australia,5,138.5021012,-35.2023075
249,Power Station,A facility used for the generation of electrical power for distribution,Renewable,Wingfield I,Operational,Spark Ignition Reciprocating Engine,Biogas,5,5,Wingfield,South Australia,5,138.5572543,-34.8348065
250,Power Station,A facility used for the generation of electrical power for distribution,Renewable,Wingfield II,Operational,Spark Ignition Reciprocating Engine,Biogas,5,5,Dry Creek,South Australia,3,138.5489103,-34.8320675
251,Power Station,A facility used for the generation of electrical power for distribution,Non Renewable,Ladbroke Grove,Operational,Open Cycle Gas Turbine,Natural Gas,80,2,Monbulla,South Australia,5,140.7826987,-37.4566596
252,Power Station,A facility used for the generation of electrical power for distribution,Non Renewable,Playford B,Decommissioned,Steam Subcritical,Coal,240,4,Port Paterson,South Australia,5,137.7818875,-32.5392654
253,Power Station,A facility used for the generation of electrical power for distribution,Non Renewable,Northern,Decommissioned,Steam Subcritical,Coal,530,2,Port Paterson,South Australia,5,137.7882117,-32.5432406
254,Power Station,A facility used for the generation of electrical power for distribution,Non Renewable,Berrimah,Operational,Gas Turbine,Natural Gas,10,1,Berrimah,Northern Territory,5,130.9194847,-12.4261621
255,Power Station,A facility used for the generation of electrical power for distribution,Renewable,Landfill Management Services Shoal Bay,Operational,,Biogas,1.1,1,Holmes,Northern Territory,5,130.9254167,-12.3891601
256,Power Station,A facility used for the generation of electrical power for distribution,Non Renewable,Tennant Creek,Operational,Open Cycle Gas Turbine,Natural Gas,16.7,0,Tennant Creek,Northern Territory,5,134.1752934,-19.6549162
257,Power Station,A facility used for the generation of electrical power for distribution,Non Renewable,Ron Goodin,Operational,Open Cycle Gas Turbine,Natural Gas,44.6,0,Sadadeen,Northern Territory,5,133.8911833,-23.7090952
258,Power Station,A facility used for the generation of electrical power for distribution,Non Renewable,Owen Springs,Operational,Open Cycle Gas Turbine,Natural Gas,36,3,Hugh,Northern Territory,4,133.8254953,-23.8635972
259,Power Station,A facility used for the generation of electrical power for distribution,Non Renewable,Brewer,Operational,Open Cycle Gas Turbine,Natural Gas,8.5,3,Hugh,Northern Territory,3,133.8281513,-23.8816842
260,Power Station,A facility used for the generation of electrical power for distribution,Non Renewable,Yulara,Operational,Open Cycle Gas Turbine,Compressed Natural Gas,11,0,Yulara,Northern Territory,5,130.9911896,-25.2322992
261,Power Station,A facility used for the generation of electrical power for distribution,Non Renewable,Pine Creek,Operational,Spark Ignition Reciprocating Engine,Natural Gas,34.8,6,Pine Creek,Northern Territory,5,131.8623706,-13.7855961
262,Power Station,A facility used for the generation of electrical power for distribution,Non Renewable,Katherine,Operational,Open Cycle Gas Turbine,Natural Gas,34.7,0,Cossack,Northern Territory,5,132.2445146,-14.4586791
263,Power Station,A facility used for the generation of electrical power for distribution,Non Renewable,Warrego,Operational,,Natural Gas,19,0,Warumungu,Northern Territory,3,133.8235954,-19.4433792
264,Power Station,A facility used for the generation of electrical power for distribution,Renewable,Condong Sugar Mill,Operational,Steam Subcritical,Biomass,30,1,Condong,New South Wales,5,153.4341159,-28.3137895
265,Power Station,A facility used for the generation of electrical power for distribution,Non Renewable,Appin (Mine),Operational,Spark Ignition Reciprocating Engine,Natural Gas,55.6,54,Appin,New South Wales,5,150.7721864,-34.2081723
266,Power Station,A facility used for the generation of electrical power for distribution,Non Renewable,Bayswater,Operational,Steam Subcritical,Coal,2640,4,Muswellbrook,New South Wales,5,150.9491357,-32.3952573
267,Power Station,A facility used for the generation of electrical power for distribution,Renewable,Bendeela (Shoalhaven Scheme),Operational,Hydroelectric - Pumped Storage,Water,240,4,Kangaroo Valley,New South Wales,5,150.4668754,-34.7336773
268,Power Station,A facility used for the generation of electrical power for distribution,Renewable,Blowering,Operational,Hydroelectric - Gravity,Water,70,1,Wereboldera,New South Wales,5,148.2462777,-35.3985881
269,Power Station,A facility used for the generation of electrical power for distribution,Renewable,Broadwater,Operational,Cogeneration - Steam Subcritical,Biomass,38,2,Broadwater (Richmond Valley),New South Wales,5,153.4334868,-29.0118155
270,Power Station,A facility used for the generation of electrical power for distribution,Renewable,Brown Mountain,Operational,Hydroelectric - Gravity,Water,5,5,Bemboka,New South Wales,5,149.4740475,-36.5950769
271,Power Station,A facility used for the generation of electrical power for distribution,Non Renewable,Capral (Aluminium Smelter),Decommissioned,,Natural Gas,300,3,Loxford,New South Wales,3,151.4813105,-32.7897103
272,Power Station,A facility used for the generation of electrical power for distribution,Non Renewable,Colongra,Operational,Open Cycle Gas Turbine,Natural Gas,724,4,Colongra,New South Wales,5,151.5447905,-33.2098563
273,Power Station,A facility used for the generation of electrical power for distribution,Renewable,EarthPower Biomass Plant,Operational,Spark Ignition Reciprocating Engine,Biogas,3.9,0,Rosehill,New South Wales,5,151.0420425,-33.8203603
274,Power Station,A facility used for the generation of electrical power for distribution,Non Renewable,Eraring,Operational,Open Cycle Gas Turbine,Distillate,41.5,1,Eraring,New South Wales,5,151.5223356,-33.0617361
275,Power Station,A facility used for the generation of electrical power for distribution,Renewable,Visy Pulp and Paper Tumut,Operational,Cogeneration,Biomass,20,1,Gadara,New South Wales,3,148.1370577,-35.2959201
276,Power Station,A facility used for the generation of electrical power for distribution,Renewable,Glenbawn,Operational,Hydroelectric - Gravity,Water,5.8,1,Glenbawn,New South Wales,5,150.9981597,-32.1096483
277,Power Station,A facility used for the generation of electrical power for distribution,Non Renewable,Glennies Creek,Operational,Reciprocating Engine,Coal Seam Methane,13,13,Middle Falbrook,New South Wales,5,151.1286326,-32.4598303
278,Power Station,A facility used for the generation of electrical power for distribution,Non Renewable,Hunter,Operational,Compression Reciprocating Engine,Distillate,29,16,Abermain,New South Wales,5,151.4504765,-32.8360083
279,Power Station,A facility used for the generation of electrical power for distribution,Non Renewable,Hunter Valley,Operational,Open Cycle Gas Turbine,Natural Gas,50,2,Muswellbrook,New South Wales,4,150.9664017,-32.3892403
280,Power Station,A facility used for the generation of electrical power for distribution,Renewable,Kangaroo Valley (Shoalhaven Scheme),Operational,Hydroelectric - Pumped Storage,Water,160,2,Kangaroo Valley,New South Wales,5,150.4795354,-34.7229573
281,Power Station,A facility used for the generation of electrical power for distribution,Non Renewable,Liddell,Operational,Steam Subcritical,Coal,2200,4,Muswellbrook,New South Wales,5,150.9775757,-32.3712543
282,Power Station,A facility used for the generation of electrical power for distribution,Non Renewable,Mt Piper,Operational,Steam Subcritical,Coal,1400,2,Blackmans Flat,New South Wales,5,150.031328,-33.3588794
283,Power Station,A facility used for the generation of electrical power for distribution,Non Renewable,Munmorah,Decommissioned,Steam Subcritical,Coal,600,2,Colongra,New South Wales,5,151.5418425,-33.2116783
284,Power Station,A facility used for the generation of electrical power for distribution,Renewable,Nymboida,Operational,Hydroelectric - Gravity,Water,33.6,7,Nymboida,New South Wales,5,152.7417138,-29.9257254
285,Power Station,A facility used for the generation of electrical power for distribution,Renewable,Oaky,Operational,Hydroelectric - Gravity,Water,4.8,5,Wollomombi,New South Wales,5,152.0689757,-30.5751064
286,Power Station,A facility used for the generation of electrical power for distribution,Non Renewable,Redbank,Operational,Steam Subcritical,Coal,150,1,Warkworth,New South Wales,5,151.0719416,-32.5801933
287,Power Station,A facility used for the generation of electrical power for distribution,Non Renewable,Smithfield Energy,Operational,Combined Cycle Gas Turbine,Natural Gas,170.9,3,Smithfield,New South Wales,5,150.9494715,-33.8500273
288,Power Station,A facility used for the generation of electrical power for distribution,Non Renewable,Tahmoor,Operational,Reciprocating Engine,Coal Seam Methane,7,7,Bargo,New South Wales,5,150.5807755,-34.2482203
289,Power Station,A facility used for the generation of electrical power for distribution,Non Renewable,Tallawarra,Operational,Combined Cycle Gas Turbine,Natural Gas,460,1,Yallah,New South Wales,5,150.8080614,-34.5227653
290,Power Station,A facility used for the generation of electrical power for distribution,Non Renewable,Teralba,Operational,Spark Ignition Reciprocating Engine,Natural Gas,3,4,Teralba,New South Wales,5,151.6119125,-32.9454773
291,Power Station,A facility used for the generation of electrical power for distribution,Non Renewable,Tomago Aluminium Smelter,Operational,,Natural Gas,810,3,Tomago,New South Wales,5,151.7178146,-32.8216386
292,Power Station,A facility used for the generation of electrical power for distribution,Non Renewable,Tower Mine,Operational,Reciprocating Engine,Coal Seam Methane,41.2,40,Douglas Park,New South Wales,5,150.7179465,-34.2206793
293,Power Station,A facility used for the generation of electrical power for distribution,Renewable,Tumut 1 (Upper Tumut),Operational,Hydroelectric - Gravity,Water,616,4,Cabramurra,New South Wales,2,148.3637156,-35.9517161
294,Power Station,A facility used for the generation of electrical power for distribution,Renewable,Tumut 2 (Upper Tumut),Operational,Hydroelectric - Gravity,Water,336,4,Cabramurra,New South Wales,3,148.367223,-35.8813712
295,Power Station,A facility used for the generation of electrical power for distribution,Non Renewable,Uranquinty,Operational,Open Cycle Gas Turbine,Natural Gas,664,4,Uranquinty,New South Wales,5,147.2156979,-35.179382
296,Power Station,A facility used for the generation of electrical power for distribution,Non Renewable,Vales Point B,Operational,Steam Subcritical,Coal,1360,2,Mannering Park,New South Wales,5,151.5431515,-33.1607323
297,Power Station,A facility used for the generation of electrical power for distribution,Non Renewable,Wallerawang C,Operational,Steam Subcritical,Coal,500,2,Wallerawang,New South Wales,5,150.0833507,-33.4028108
298,Power Station,A facility used for the generation of electrical power for distribution,Renewable,Warragamba,Operational,Hydroelectric - Gravity,Water,50,1,Warragamba,New South Wales,4,150.5965461,-33.8832295
299,Power Station,A facility used for the generation of electrical power for distribution,Non Renewable,West Illawarra Leagues Club,Operational,Compression Reciprocating Engine,Distillate,1,0,Unanderra,New South Wales,5,150.8429124,-34.4515243
300,Power Station,A facility used for the generation of electrical power for distribution,Non Renewable,Western Suburbs Leagues Club (Campbelltown),Operational,,Distillate,1,0,Leumeah,New South Wales,5,150.8328655,-34.0513133
301,Power Station,A facility used for the generation of electrical power for distribution,Renewable,Burrendong,Operational,Hydroelectric - Gravity,Water,19,1,Yarragal,New South Wales,5,149.1079919,-32.6646031
302,Power Station,A facility used for the generation of electrical power for distribution,Renewable,Copeton,Operational,Hydroelectric - Gravity,Water,24,1,Bundarra,New South Wales,5,150.923468,-29.9101853
303,Power Station,A facility used for the generation of electrical power for distribution,Non Renewable,Wilga Park,Operational,Reciprocating Engine,Coal Seam Methane,16,11,Bohena Creek,New South Wales,5,149.6771591,-30.3634242
304,Power Station,A facility used for the generation of electrical power for distribution,Renewable,Guthega,Operational,Hydroelectric - Gravity,Water,80,2,Burrungubugge,New South Wales,5,148.4135335,-36.3500851
305,Power Station,A facility used for the generation of electrical power for distribution,Renewable,Lake Keepit,Operational,Hydroelectric - Gravity,Water,6.5,1,Keepit,New South Wales,4,150.4914049,-30.8791762
306,Power Station,A facility used for the generation of electrical power for distribution,Non Renewable,Broken Hill,Operational,Open Cycle Gas Turbine,Natural Gas,50,2,Broken Hill,New South Wales,4,141.420341,-31.9862826
307,Power Station,A facility used for the generation of electrical power for distribution,Non Renewable,Eraring,Operational,Steam Subcritical,Coal,2880,4,Eraring,New South Wales,5,151.5206534,-33.0620623
308,Power Station,A facility used for the generation of electrical power for distribution,Renewable,Maryvale Mill,Operational,,Biomass,54.5,0,Maryvale,Victoria,4,146.447952,-38.1808797
309,Power Station,A facility used for the generation of electrical power for distribution,Renewable,Grasmere Wind Farm (Albany Stage II),Operational,Wind Turbine,Wind,13.8,6,Sandpatch,Western Australia,5,117.7637715,-35.050637
310,Power Station,A facility used for the generation of electrical power for distribution,Renewable,Tully Sugar Mill,Operational,Steam Subcritical,Biomass,21.4,0,Tully,Queensland,4,145.9266601,-17.9373044
311,Power Station,A facility used for the generation of electrical power for distribution,Renewable,Proserpine Sugar Mill,Operational,Cogeneration,Biomass,17,4,Proserpine,Queensland,4,148.5797236,-20.3985317
312,Power Station,A facility used for the generation of electrical power for distribution,Non Renewable,North Sydney,Operational,Spark Ignition Reciprocating Engine,Natural Gas,0.8,1,North Sydney,New South Wales,5,151.2053997,-33.8383689
313,Power Station,A facility used for the generation of electrical power for distribution,Non Renewable,Sydney,Operational,Spark Ignition Reciprocating Engine,Natural Gas,0.8,1,Sydney,New South Wales,5,151.2091055,-33.8715343
314,Power Station,A facility used for the generation of electrical power for distribution,Non Renewable,North Sydney,Operational,Spark Ignition Reciprocating Engine,Natural Gas,2.4,2,North Sydney,New South Wales,5,151.2069336,-33.8397992
315,Power Station,A facility used for the generation of electrical power for distribution,Non Renewable,Blackmores,Operational,Spark Ignition Reciprocating Engine,Natural Gas,0.8,2,Mona Vale,New South Wales,4,151.2908101,-33.6777574
316,Power Station,A facility used for the generation of electrical power for distribution,Non Renewable,Nine Network,Operational,Compression Reciprocating Engine,Distillate,3.2,0,Willoughby,New South Wales,4,151.1966282,-33.8109514
317,Power Station,A facility used for the generation of electrical power for distribution,Non Renewable,Revesby Workers Club,Operational,Compression Reciprocating Engine,Distillate,2.5,1,Revesby,New South Wales,4,151.0137387,-33.9534271
318,Power Station,A facility used for the generation of electrical power for distribution,Non Renewable,St George Leagues Club,Operational,Compression Reciprocating Engine,Distillate,1,1,Beverley Park,New South Wales,4,151.1293864,-33.9748047
319,Power Station,A facility used for the generation of electrical power for distribution,Non Renewable,University of New South Wales,Operational,Spark Ignition Reciprocating Engine,Natural Gas,0.8,1,Kensington,New South Wales,4,151.2353581,-33.9166916
320,Power Station,A facility used for the generation of electrical power for distribution,Non Renewable,Norseman Mine,Operational,,Distillate,9,0,Norseman,Western Australia,3,121.7943437,-32.1962512
321,Power Station,A facility used for the generation of electrical power for distribution,Non Renewable,Darlot Gold Mine,Operational,,Natural Gas,11.7,0,Lake Darlot,Western Australia,5,121.2697759,-27.8971935
322,Power Station,A facility used for the generation of electrical power for distribution,Non Renewable,Windimurra Vanadium Mine,Operational,,Natural Gas,23.7,7,Paynesville,Western Australia,5,118.5371571,-28.2932995
323,Power Station,A facility used for the generation of electrical power for distribution,Renewable,Rottnest Island Wind Turbine,Operational,Wind Turbine,Wind,0.6,1,Rottnest Island,Western Australia,5,115.5289247,-31.9937386
324,Power Station,A facility used for the generation of electrical power for distribution,Non Renewable,Cloudbreak,Operational,,Distillate,44,18,Mulga Downs,Western Australia,5,119.4040267,-22.3246967
325,Power Station,A facility used for the generation of electrical power for distribution,Non Renewable,Port Hedland,Operational,,Natural Gas,84,2,Boodarie,Western Australia,5,118.538384,-20.3781654
326,Power Station,A facility used for the generation of electrical power for distribution,Renewable,Noranda,Operational,,Biogas,1.1,1,Mirrabooka,Western Australia,5,115.8773378,-31.865376
327,Power Station,A facility used for the generation of electrical power for distribution,Renewable,Red Hill,Operational,,Biogas,3.7,4,Red Hill,Western Australia,5,116.0992503,-31.8316372
328,Power Station,A facility used for the generation of electrical power for distribution,Renewable,Shenton Park WMRC Project,Operational,,Biogas,1,0,Karrakatta,Western Australia,5,115.7924542,-31.9576533
329,Power Station,A facility used for the generation of electrical power for distribution,Non Renewable,Kalamunda,Operational,,Distillate,1.3,1,Forrestfield,Western Australia,5,115.998804,-31.9767652
330,Power Station,A facility used for the generation of electrical power for distribution,Renewable,Canning Vale,Operational,,Biogas,4,1,Canning Vale,Western Australia,5,115.8914164,-32.0738854
331,Power Station,A facility used for the generation of electrical power for distribution,Renewable,Gosnells,Operational,,Biogas,1.1,1,Orange Grove,Western Australia,5,116.0128822,-32.0227376
332,Power Station,A facility used for the generation of electrical power for distribution,Non Renewable,KRC Cogeneration Plant,Operational,Steam Subcritical,Natural Gas,4.2,0,Hemmant,Queensland,3,153.118473,-27.4452543
333,Power Station,A facility used for the generation of electrical power for distribution,Non Renewable,Melbourne,Operational,Spark Ignition Reciprocating Engine,Natural Gas,1.2,1,Melbourne,Victoria,5,144.9684861,-37.8085828
334,Power Station,A facility used for the generation of electrical power for distribution,Non Renewable,Carlton,Operational,Compression Reciprocating Engine,Natural Gas,0.4,1,Carlton,Victoria,5,144.9606561,-37.8061051
335,Power Station,A facility used for the generation of electrical power for distribution,Renewable,Eildon Small Hydro,Operational,Hydroelectric - Gravity,Water,5,1,Eildon,Victoria,5,145.8974157,-37.2430587
336,Power Station,A facility used for the generation of electrical power for distribution,Renewable,Corio,Operational,Spark Ignition Reciprocating Engine,Biogas,1,1,Corio,Victoria,5,144.4055817,-38.0586457
337,Power Station,A facility used for the generation of electrical power for distribution,Renewable,South East Water Hallam Plant,Operational,Hydroelectric - Gravity,Water,0.3,1,Hampton Park,Victoria,1,145.2781274,-38.023165
338,Power Station,A facility used for the generation of electrical power for distribution,Renewable,Lower Rubicon,Operational,Hydroelectric - Gravity,Water,13.6,1,Rubicon,Victoria,5,145.8457811,-37.3027115
339,Power Station,A facility used for the generation of electrical power for distribution,Renewable,Royston,Operational,Hydroelectric - Gravity,Water,0.9,1,Rubicon,Victoria,5,145.8645326,-37.3739076
340,Power Station,A facility used for the generation of electrical power for distribution,Renewable,Rubicon Falls,Operational,Hydroelectric - Gravity,Water,0.3,1,Rubicon,Victoria,5,145.8476845,-37.3400735
341,Power Station,A facility used for the generation of electrical power for distribution,Renewable,Leonards Hill,Operational,Wind Turbine,Wind,4.1,2,Leonards Hill,Victoria,5,144.1221591,-37.4271225
342,Power Station,A facility used for the generation of electrical power for distribution,Renewable,Box Hill,Proposed,Wind Turbine,Wind,25,0,Armidale,New South Wales,1,151.6838957,-30.499398
343,Power Station,A facility used for the generation of electrical power for distribution,Renewable,Highbury,Operational,Spark Ignition Reciprocating Engine,Biogas,2,1,Highbury,South Australia,5,138.7202908,-34.8490155
344,Power Station,A facility used for the generation of electrical power for distribution,Renewable,Tea Tree Gully,Operational,Spark Ignition Reciprocating Engine,Biogas,1,1,St Agnes,South Australia,5,138.7128582,-34.8303135
345,Power Station,A facility used for the generation of electrical power for distribution,Non Renewable,Port Stanvac,Operational,Compression Reciprocating Engine,Distillate,57.6,36,Lonsdale,South Australia,5,138.4914663,-35.1103818
346,Power Station,A facility used for the generation of electrical power for distribution,Renewable,Maryborough,Operational,Steam Super Critical,Biomass,7.5,0,Maryborough,Queensland,4,152.7171024,-25.5475754
347,Power Station,A facility used for the generation of electrical power for distribution,Renewable,Stapylton Green Energy,Operational,Steam Subcritical,Biomass,4.8,0,Stapylton,Queensland,4,153.2463086,-27.7334364
348,Power Station,A facility used for the generation of electrical power for distribution,Renewable,Bremer Bay Wind Turbine,Operational,Wind Turbine,Wind,0.6,1,Bremer Bay,Western Australia,5,119.3914918,-34.3989936
349,Power Station,A facility used for the generation of electrical power for distribution,Non Renewable,Bremer Bay Diesel Backup,Operational,,Distillate,1.3,1,Bremer Bay,Western Australia,5,119.3888147,-34.4018146
350,Power Station,A facility used for the generation of electrical power for distribution,Renewable,Coral Bay Wind Turbines,Operational,Wind Turbine,Wind,0.8,3,Lyndon,Western Australia,5,113.7759389,-23.1537277
351,Power Station,A facility used for the generation of electrical power for distribution,Non Renewable,Coral Bay Diesel Backup,Operational,,Distillate,2.2,8,Lyndon,Western Australia,5,113.7761893,-23.152131
352,Power Station,A facility used for the generation of electrical power for distribution,Renewable,Denham Wind Turbines,Operational,Wind Turbine,Wind,0.9,4,Denham,Western Australia,5,113.5493215,-25.9115106
353,Power Station,A facility used for the generation of electrical power for distribution,Non Renewable,Denham Diesel Backup,Operational,,Distillate,1.6,3,Denham,Western Australia,5,113.5339651,-25.9167116
354,Power Station,A facility used for the generation of electrical power for distribution,Renewable,Woodman Point,Operational,,Biogas,1.8,3,Henderson,Western Australia,4,115.7713157,-32.1424065
355,Power Station,A facility used for the generation of electrical power for distribution,Renewable,Henderson,Operational,,Biogas,3.2,3,Wattleup,Western Australia,5,115.8008109,-32.1650076
356,Power Station,A facility used for the generation of electrical power for distribution,Renewable,Tamala Park,Operational,,Biogas,4.7,0,Tamala Park,Western Australia,5,115.7266556,-31.7077727
357,Power Station,A facility used for the generation of electrical power for distribution,Renewable,Mandurah,Operational,,Biogas,1.3,0,Parklands,Western Australia,3,115.7586444,-32.5094277
358,Power Station,A facility used for the generation of electrical power for distribution,Renewable,Rockingham,Operational,,Biogas,2.1,0,Baldivis,Western Australia,5,115.8153996,-32.2863091
359,Power Station,A facility used for the generation of electrical power for distribution,Renewable,South Cardup (Shale Road Landfill),Operational,,Biogas,3.3,3,Whitby,Western Australia,5,116.0193251,-32.2664228
360,Power Station,A facility used for the generation of electrical power for distribution,Non Renewable,Cue,Operational,,Distillate,0.8,1,Cue,Western Australia,5,117.8887152,-27.4216209
361,Power Station,A facility used for the generation of electrical power for distribution,Non Renewable,Sandstone,Operational,,Distillate,0.4,0,Sandstone,Western Australia,5,119.2949217,-27.9855711
362,Power Station,A facility used for the generation of electrical power for distribution,Renewable,Nullagine Solar Farm,Operational,Solar Photovoltaic,Solar,0.2,900,Nullagine,Western Australia,5,120.111733,-21.8794875
363,Power Station,A facility used for the generation of electrical power for distribution,Non Renewable,Nullagine Diesel Backup,Operational,,Distillate,1,0,Nullagine,Western Australia,5,120.1128721,-21.8794305
364,Power Station,A facility used for the generation of electrical power for distribution,Renewable,Marble Bar Solar Farm,Operational,Solar Photovoltaic,Solar,0.3,1350,Marble Bar,Western Australia,5,119.7412096,-21.164331
365,Power Station,A facility used for the generation of electrical power for distribution,Non Renewable,Marble Bar Diesel Backup,Operational,,Distillate,1.3,0,Marble Bar,Western Australia,5,119.7418611,-21.1649093
366,Power Station,A facility used for the generation of electrical power for distribution,Non Renewable,Derby,Operational,,Natural Gas,12.5,0,Derby,Western Australia,5,123.6441592,-17.3141273
367,Power Station,A facility used for the generation of electrical power for distribution,Non Renewable,Fitzroy Crossing,Operational,,Natural Gas,4.1,0,Fitzroy Crossing,Western Australia,5,125.5597202,-18.1955612
368,Power Station,A facility used for the generation of electrical power for distribution,Non Renewable,Halls Creek,Operational,,Natural Gas,3.7,0,Halls Creek,Western Australia,5,127.6619059,-18.2327376
369,Power Station,A facility used for the generation of electrical power for distribution,Non Renewable,Warmun,Operational,,Distillate,1.3,6,Warmun,Western Australia,5,128.2113285,-17.0258697
370,Power Station,A facility used for the generation of electrical power for distribution,Non Renewable,Kununurra,Operational,,Distillate,12.4,1,Kununurra,Western Australia,5,128.7394708,-15.7795429
371,Power Station,A facility used for the generation of electrical power for distribution,Non Renewable,Laverton,Operational,,Distillate,1.5,1,Laverton,Western Australia,2,122.3964777,-28.62161
372,Power Station,A facility used for the generation of electrical power for distribution,Non Renewable,Exmouth,Operational,,Natural Gas,8,7,Exmouth,Western Australia,5,114.1250083,-21.9464446
373,Power Station,A facility used for the generation of electrical power for distribution,Renewable,Tableland,Operational,Steam Super Critical,Biomass,7,0,Mutchilba,Queensland,4,145.3449776,-17.1192789
374,Power Station,A facility used for the generation of electrical power for distribution,Renewable,South Johnstone,Operational,Steam Super Critical,Biomass,20,0,South Johnstone,Queensland,4,145.9910081,-17.6056719
375,Power Station,A facility used for the generation of electrical power for distribution,Renewable,Mulgrave,Operational,Steam Super Critical,Biomass,13,0,Gordonvale,Queensland,4,145.7887191,-17.0931522
376,Power Station,A facility used for the generation of electrical power for distribution,Non Renewable,Blue Lake Milling Power Plant,Operational,Compression Reciprocating Engine,Distillate,1,1,Bordertown,South Australia,4,140.7574687,-36.3164194
377,Power Station,A facility used for the generation of electrical power for distribution,Non Renewable,Tatiara Meats,Operational,Compression Reciprocating Engine,Distillate,0.5,1,Bordertown,South Australia,4,140.7367762,-36.326543
378,Power Station,A facility used for the generation of electrical power for distribution,Non Renewable,Kalumburu,Operational,,Distillate,0.7,5,Kalumburu,Western Australia,5,126.6439642,-14.2938417
379,Power Station,A facility used for the generation of electrical power for distribution,Non Renewable,Ardyaloon,Operational,,Distillate,0.8,6,Dampier Peninsula,Western Australia,5,123.041383,-16.4444034
380,Power Station,A facility used for the generation of electrical power for distribution,Non Renewable,Djarindjin,Operational,,Distillate,0.7,5,Dampier Peninsula,Western Australia,5,122.9035987,-16.5198939
381,Power Station,A facility used for the generation of electrical power for distribution,Non Renewable,Beagle Bay,Operational,,Distillate,0.7,5,Dampier Peninsula,Western Australia,5,122.6585179,-16.9938863
382,Power Station,A facility used for the generation of electrical power for distribution,Non Renewable,Bidyadanga,Operational,,Distillate,1.3,0,Lagrange,Western Australia,5,121.7847903,-18.6816135
383,Power Station,A facility used for the generation of electrical power for distribution,Non Renewable,Gascoyne Junction,Operational,,Distillate,0.4,0,Gascoyne Junction,Western Australia,4,115.2082995,-25.0556804
384,Power Station,A facility used for the generation of electrical power for distribution,Non Renewable,Wiluna,Operational,,Distillate,1.3,0,Wiluna,Western Australia,5,120.2185187,-26.5921463
385,Power Station,A facility used for the generation of electrical power for distribution,Non Renewable,Yalgoo,Operational,,Distillate,0.4,1,Yalgoo,Western Australia,5,116.683502,-28.3375232
386,Power Station,A facility used for the generation of electrical power for distribution,Non Renewable,Carnarvon,Operational,,Natural Gas,15,13,East Carnarvon,Western Australia,5,113.6753858,-24.8691464
387,Power Station,A facility used for the generation of electrical power for distribution,Non Renewable,Mungullah,Operational,,Natural Gas,18,0,Brown Range,Western Australia,5,113.7095432,-24.8910382
388,Power Station,A facility used for the generation of electrical power for distribution,Renewable,Exmouth Advanced Mini Wind Farm,Operational,Wind Turbine,Wind,0.1,3,North West Cape,Western Australia,5,114.1335158,-21.8126182
389,Power Station,A facility used for the generation of electrical power for distribution,Non Renewable,Worsley,Operational,,Coal,120,4,Worsley,Western Australia,5,116.0688083,-33.2354799
390,Power Station,A facility used for the generation of electrical power for distribution,Renewable,Kalbarri PV System,Operational,Solar Photovoltaic,Solar,0,16,Kalbarri,Western Australia,5,114.1697024,-27.7152336
391,Power Station,A facility used for the generation of electrical power for distribution,Renewable,Esperance Wind Farm Ten Mile Lagoon,Operational,Wind Turbine,Wind,2,9,Dalyup,Western Australia,5,121.7690488,-33.8801554
392,Power Station,A facility used for the generation of electrical power for distribution,Non Renewable,Muja B,Decommissioned,Steam Subcritical,Coal,120,0,Muja,Western Australia,5,116.3087303,-33.4467934
393,Power Station,A facility used for the generation of electrical power for distribution,Non Renewable,Muja A,Decommissioned,Steam Subcritical,Coal,120,0,Muja,Western Australia,5,116.3081193,-33.4466577
394,Power Station,A facility used for the generation of electrical power for distribution,Renewable,Boco Rock,Operational,Wind Turbine,Wind,113,0,Springfield (Snowy Monaro Regional),New South Wales,5,149.12673,-36.5762977
395,Power Station,A facility used for the generation of electrical power for distribution,Renewable,Ben Lomond,Proposed,Wind Turbine,Wind,200,0,Ben Lomond,New South Wales,3,151.6585358,-29.9622438
396,Power Station,A facility used for the generation of electrical power for distribution,Non Renewable,Bamarang,Proposed,Open Cycle Gas Turbine,Natural Gas,320,0,Bamarang,New South Wales,4,150.5258275,-34.9029683
397,Power Station,A facility used for the generation of electrical power for distribution,Renewable,Bango Wind Farm,Proposed,Wind Turbine,Wind,200,0,Kangiara,New South Wales,4,148.8292431,-34.5649089
398,Power Station,A facility used for the generation of electrical power for distribution,Non Renewable,Bankstown Sports Club,Operational,Compression Reciprocating Engine,Distillate,2,0,Bankstown,New South Wales,4,151.0332491,-33.9196869
399,Power Station,A facility used for the generation of electrical power for distribution,Renewable,Belconnen,Operational,Spark Ignition Reciprocating Engine,Biogas,1,1,Macnamara,Australian Capital Territory,5,148.987224,-35.2141766
400,Power Station,A facility used for the generation of electrical power for distribution,Non Renewable,Charlestown Square,Operational,Spark Ignition Reciprocating Engine,Natural Gas,2.8,1,Charlestown,New South Wales,4,151.693618,-32.9642427
401,Power Station,A facility used for the generation of electrical power for distribution,Non Renewable,Club Merrylands,Operational,,Distillate,0.8,1,Merrylands,New South Wales,2,150.9905093,-33.8381028
402,Power Station,A facility used for the generation of electrical power for distribution,Non Renewable,Erskine Park,Operational,Spark Ignition Reciprocating Engine,Natural Gas,0.4,1,Erskine Park,New South Wales,5,150.8032328,-33.8181939
403,Power Station,A facility used for the generation of electrical power for distribution,Renewable,Kooragang,Operational,Wind Turbine,Wind,0.6,1,Kooragang,New South Wales,5,151.7692646,-32.8821895
404,Power Station,A facility used for the generation of electrical power for distribution,Renewable,Kalbarri Wind Farm,Operational,Wind Turbine,Wind,1.7,2,Yallabatharra,Western Australia,5,114.1945623,-27.8983716
405,Power Station,A facility used for the generation of electrical power for distribution,Non Renewable,Wodgina,Operational,,Natural Gas,13.7,4,Marble Bar,Western Australia,5,118.6747307,-21.1738698
406,Power Station,A facility used for the generation of electrical power for distribution,Non Renewable,Savannah Nickel Mine,Operational,,Distillate,10.8,0,Ord River,Western Australia,5,128.0330853,-17.3630815
407,Power Station,A facility used for the generation of electrical power for distribution,Non Renewable,Meekatharra,Operational,,Distillate,2.9,0,Meekatharra,Western Australia,5,118.483032,-26.595158
408,Power Station,A facility used for the generation of electrical power for distribution,Non Renewable,Leonora,Operational,,Natural Gas,4.4,7,Leonora,Western Australia,5,121.3212845,-28.8810627
409,Power Station,A facility used for the generation of electrical power for distribution,Non Renewable,Menzies,Operational,,Distillate,0.3,1,Menzies,Western Australia,2,121.0251878,-29.6905883
410,Power Station,A facility used for the generation of electrical power for distribution,Non Renewable,Onslow,Operational,Spark Ignition Reciprocating Engine,Natural Gas,3.6,6,Onslow,Western Australia,3,115.0990348,-21.6582082
411,Power Station,A facility used for the generation of electrical power for distribution,Non Renewable,Hopetoun Diesel Backup,Operational,,Distillate,1.3,0,Hopetoun,Western Australia,5,120.1299442,-33.9050353
412,Power Station,A facility used for the generation of electrical power for distribution,Renewable,Hopetoun Wind Turbines,Operational,Wind Turbine,Wind,1.2,2,Hopetoun,Western Australia,5,120.1296914,-33.90775
413,Power Station,A facility used for the generation of electrical power for distribution,Non Renewable,Camballin,Operational,,Natural Gas,1,0,Camballin,Western Australia,5,124.1620943,-18.0277437
414,Power Station,A facility used for the generation of electrical power for distribution,Non Renewable,Cawse Nickel Mine,Operational,,Natural Gas,21,0,Ora Banda,Western Australia,3,121.1634908,-30.3807922
415,Power Station,A facility used for the generation of electrical power for distribution,Non Renewable,Buronga,Proposed,Open Cycle Gas Turbine,Natural Gas,150,0,Wentworth,New South Wales,1,142.261667,-34.1013286
416,Power Station,A facility used for the generation of electrical power for distribution,Renewable,Glenorchy,Operational,Spark Ignition Reciprocating Engine,Biogas,1.6,2,Glenorchy,Tasmania,5,147.2550515,-42.8414502
417,Power Station,A facility used for the generation of electrical power for distribution,Renewable,Hobart,Operational,Spark Ignition Reciprocating Engine,Biogas,1,1,South Hobart,Tasmania,5,147.2888346,-42.8882466
418,Power Station,A facility used for the generation of electrical power for distribution,Renewable,Musselroe,Operational,Wind Turbine,Wind,168,56,Cape Portland,Tasmania,5,148.0097437,-40.7797978
419,Power Station,A facility used for the generation of electrical power for distribution,Renewable,Kings Canyon,Operational,Solar Photovoltaic,Solar,0.2,0,Petermann,Northern Territory,5,131.5006584,-24.2509058
420,Power Station,A facility used for the generation of electrical power for distribution,Renewable,Bodangora Wind Farm,Operational,Wind Turbine,Wind,113,0,Bodangora,New South Wales,5,149.0998011,-32.4145873
421,Power Station,A facility used for the generation of electrical power for distribution,Renewable,Broken Hill Solar Plant,Operational,Solar Photovoltaic,Solar,53,0,Broken Hill,New South Wales,5,141.3915525,-31.986694
422,Power Station,A facility used for the generation of electrical power for distribution,Non Renewable,McArthur River Mine,Operational,Reciprocating Engine,Natural Gas,78,6,McArthur,Northern Territory,5,136.0934678,-16.4334845
423,Power Station,A facility used for the generation of electrical power for distribution,Renewable,University of Queensland (St Lucia Campus) Solar Array,Operational,Solar Photovoltaic,Solar,1.2,5000,St Lucia,Queensland,5,153.0101436,-27.494946
424,Power Station,A facility used for the generation of electrical power for distribution,Renewable,Perth Zoo,Operational,Solar Photovoltaic,Solar,2.4,755,South Perth,Western Australia,4,115.8547908,-31.9766494
425,Power Station,A facility used for the generation of electrical power for distribution,Renewable,Tulla Calder Interchange Solar Array,Operational,Solar Photovoltaic,Solar,0.2,210,Essendon North,Victoria,5,144.8948228,-37.7352656
426,Power Station,A facility used for the generation of electrical power for distribution,Renewable,Bridgewater Solar,Operational,Solar Photovoltaic,Solar,0.1,0,Bridgewater,Victoria,5,143.9528868,-36.6134859
427,Power Station,A facility used for the generation of electrical power for distribution,Renewable,Monash University (Clayton Campus) Solar Array,Operational,Solar Photovoltaic,Solar,0.2,420,Clayton,Victoria,3,145.133002,-37.9117742
428,Power Station,A facility used for the generation of electrical power for distribution,Renewable,Queen Victoria Market Solar Array,Operational,Solar Photovoltaic,Solar,0.3,1328,Melbourne,Victoria,5,144.9569497,-37.8069308
429,Power Station,A facility used for the generation of electrical power for distribution,Renewable,Bendigo Solar Park,Operational,Solar Photovoltaic,Solar,0.3,0,Huntly,Victoria,5,144.3032451,-36.6747392
430,Power Station,A facility used for the generation of electrical power for distribution,Renewable,Adelaide Showgrounds,Operational,Solar Photovoltaic,Solar,1,0,Wayville,South Australia,5,138.5882008,-34.9452717
431,Power Station,A facility used for the generation of electrical power for distribution,Renewable,Adelaide Airport,Operational,Solar Photovoltaic,Solar,0.1,0,Adelaide Airport,South Australia,5,138.5370632,-34.9383041
432,Power Station,A facility used for the generation of electrical power for distribution,Renewable,Townsville RSL Stadium Solar Array,Operational,Solar Photovoltaic,Solar,0.3,1800,Annandale,Queensland,5,146.8010617,-19.3078479
433,Power Station,A facility used for the generation of electrical power for distribution,Renewable,Fraser Coast Community Solar Farm,Operational,Solar Photovoltaic,Solar,0.4,1584,Nikenbah,Queensland,3,152.7901746,-25.318386
434,Power Station,A facility used for the generation of electrical power for distribution,Renewable,Metricon (Gold Coast) Stadium Solar Array,Operational,Solar Photovoltaic,Solar,0.2,574,Carrara,Queensland,5,153.3671242,-28.0062616
435,Power Station,A facility used for the generation of electrical power for distribution,Renewable,Carnarvon Solar Farm,Operational,Solar Photovoltaic,Solar,0.3,0,Massey Bay,Western Australia,4,113.6741265,-24.8970158
436,Power Station,A facility used for the generation of electrical power for distribution,Renewable,CSIRO Energy Centre,Operational,Solar Thermal,Solar,1.5,0,Mayfield West,New South Wales,5,151.727458,-32.8834604
437,Power Station,A facility used for the generation of electrical power for distribution,Renewable,Newington Solar Suburb,Operational,Solar Photovoltaic,Solar,0.7,0,Newington,New South Wales,5,151.0538216,-33.8412794
438,Power Station,A facility used for the generation of electrical power for distribution,Renewable,Singleton Solar Farm,Operational,Solar Photovoltaic,Solar,0.4,3500,Whittingham,New South Wales,4,151.1812143,-32.5923718
439,Power Station,A facility used for the generation of electrical power for distribution,Renewable,Kogarah Town Square Solar Array,Operational,Solar Photovoltaic,Solar,0.2,0,Kogarah,New South Wales,5,151.1331559,-33.9651618
440,Power Station,A facility used for the generation of electrical power for distribution,Renewable,Stadium Australia,Operational,Solar Photovoltaic,Solar,0.1,0,Sydney Olympic Park,New South Wales,4,151.0640447,-33.8451654
441,Power Station,A facility used for the generation of electrical power for distribution,Renewable,Mt Gambier,Operational,Cogeneration,Biomass,10,0,Mount Gambier,South Australia,4,140.8057026,-37.8388319
442,Power Station,A facility used for the generation of electrical power for distribution,Renewable,Narrogin Bioenergy Plant,Operational,Cogeneration,Biomass,1,0,Narrogin Valley,Western Australia,5,117.1915916,-32.9521045
443,Power Station,A facility used for the generation of electrical power for distribution,Renewable,Visy Paper Gibson Island,Operational,Cogeneration,Biomass,2,1,Murarrie,Queensland,5,153.1158006,-27.4405007
444,Power Station,A facility used for the generation of electrical power for distribution,Non Renewable,Mica Creek,Operational,Combined Cycle Gas Turbine,Natural Gas,325,10,Mount Isa,Queensland,5,139.4905612,-20.7775856
445,Power Station,A facility used for the generation of electrical power for distribution,Renewable,Wilpena Solar Farm,Operational,Solar Photovoltaic,Solar,145,1260,Willow Springs,South Australia,4,138.6197644,-31.5233789
446,Power Station,A facility used for the generation of electrical power for distribution,Renewable,Karadoc Solar Farm,Operational,Solar Photovoltaic,Solar,112,0,Iraak,Victoria,4,142.2520989,-34.4154065
447,Power Station,A facility used for the generation of electrical power for distribution,Renewable,King Island (Currie),Operational,,Distillate,8.6,9,Nugara,Tasmania,5,143.8919705,-39.938772